-- phpMyAdmin SQL Dump
-- version 4.0.4.1
-- http://www.phpmyadmin.net
--
-- Host: 127.0.0.1
-- Generation Time: May 15, 2014 at 05:51 AM
-- Server version: 5.6.11-log
-- PHP Version: 5.5.3

SET SQL_MODE = "NO_AUTO_VALUE_ON_ZERO";
SET time_zone = "+00:00";


/*!40101 SET @OLD_CHARACTER_SET_CLIENT=@@CHARACTER_SET_CLIENT */;
/*!40101 SET @OLD_CHARACTER_SET_RESULTS=@@CHARACTER_SET_RESULTS */;
/*!40101 SET @OLD_COLLATION_CONNECTION=@@COLLATION_CONNECTION */;
/*!40101 SET NAMES utf8 */;

--
-- Database: `saweri`
--
CREATE DATABASE IF NOT EXISTS `saweri` DEFAULT CHARACTER SET latin1 COLLATE latin1_swedish_ci;
USE `saweri`;

-- --------------------------------------------------------

--
-- Table structure for table `akun`
--

CREATE TABLE IF NOT EXISTS `akun` (
  `id` int(11) NOT NULL AUTO_INCREMENT,
  `kd_akun` varchar(6) NOT NULL,
  `nama` varchar(30) NOT NULL,
  `level` int(11) NOT NULL,
  `tipe` int(11) NOT NULL,
  PRIMARY KEY (`id`)
) ENGINE=MyISAM  DEFAULT CHARSET=latin1 AUTO_INCREMENT=5 ;

--
-- Dumping data for table `akun`
--

INSERT INTO `akun` (`id`, `kd_akun`, `nama`, `level`, `tipe`) VALUES
(1, '10001', 'Hutang2', 1, 0),
(2, '20001', 'Piutang', 1, 0),
(3, '342', 'ffff', 0, 0),
(4, '', '', 0, 0);

-- --------------------------------------------------------

--
-- Table structure for table `angsuran_hutang`
--

CREATE TABLE IF NOT EXISTS `angsuran_hutang` (
  `id` int(11) NOT NULL AUTO_INCREMENT,
  `KOUNIT` varchar(17) DEFAULT NULL,
  `TANGGAL` date DEFAULT NULL,
  `GLID` varchar(17) DEFAULT NULL,
  `PEMBAYARAN` varchar(20) NOT NULL,
  `KODE_PARTNER` varchar(32) DEFAULT NULL,
  `TOTAL` double DEFAULT NULL,
  `ANGSURAN` double DEFAULT NULL,
  `SISA` double DEFAULT NULL,
  `STATUS_POSTING` int(11) NOT NULL,
  PRIMARY KEY (`id`)
) ENGINE=MyISAM  DEFAULT CHARSET=utf8 AUTO_INCREMENT=11 ;

--
-- Dumping data for table `angsuran_hutang`
--

INSERT INTO `angsuran_hutang` (`id`, `KOUNIT`, `TANGGAL`, `GLID`, `PEMBAYARAN`, `KODE_PARTNER`, `TOTAL`, `ANGSURAN`, `SISA`, `STATUS_POSTING`) VALUES
(1, '1', '2012-07-24', 'HTG/120625/00001', 'Kas', '1', 30000, 5000, 25000, 1),
(2, '1', '2012-07-30', 'HTG/120730/00002', 'Kas', '1', 25000, 10000, 15000, 1),
(3, '1', '2012-12-28', 'HTG/121217/00003', 'Kas', '1', 22500, 2500, 20000, 1),
(4, '1', '2013-01-02', 'HTG/130102/00004', 'Kas', '11', 45000, 5000, 40000, 1),
(5, '1', '2013-01-04', 'HTG/130104/00005', 'Kas', '11', 50000, 15000, 35000, 1),
(6, '1', '2013-01-05', 'HTG/130105/00007', 'Kas', '11', 10000, 2000, 8000, 0),
(7, '1', '2013-01-05', 'HTG/130105/00007', 'Kas', '11', 8000, 3000, 5000, 1),
(8, '1', '2013-01-05', 'HTG/130104/00005', 'Kas', '11', 35000, 10000, 25000, 1),
(9, '1', '2013-01-06', 'HTG/130105/00007', 'Kas', '11', 5000, 2000, 3000, 0),
(10, '1', '2013-01-06', 'HTG/130104/00005', 'Kas', '11', 25000, 3000, 22000, 0);

-- --------------------------------------------------------

--
-- Table structure for table `angsuran_piutang`
--

CREATE TABLE IF NOT EXISTS `angsuran_piutang` (
  `ID` int(11) NOT NULL AUTO_INCREMENT,
  `KOUNIT` varchar(10) DEFAULT NULL,
  `TANGGAL` date DEFAULT NULL,
  `GLID` varchar(30) DEFAULT NULL,
  `PEMBAYARAN` varchar(20) NOT NULL,
  `KODE_PARTNER` varchar(32) DEFAULT NULL,
  `TOTAL` double DEFAULT NULL,
  `ANGSURAN` double DEFAULT NULL,
  `SISA` double DEFAULT NULL,
  `STATUS_POSTING` int(11) NOT NULL,
  PRIMARY KEY (`ID`)
) ENGINE=MyISAM  DEFAULT CHARSET=utf8 AUTO_INCREMENT=11 ;

--
-- Dumping data for table `angsuran_piutang`
--

INSERT INTO `angsuran_piutang` (`ID`, `KOUNIT`, `TANGGAL`, `GLID`, `PEMBAYARAN`, `KODE_PARTNER`, `TOTAL`, `ANGSURAN`, `SISA`, `STATUS_POSTING`) VALUES
(1, '1', '2012-07-24', 'PTG/120625/0001', 'Kas', '10', 100000, 50000, 50000, 0),
(2, '1', '2012-07-24', 'PTG/120625/0001', 'Kas', '10', 50000, 10000, 40000, 0),
(3, '1', '2013-01-06', 'PTG/121217/0002', 'Bank', '1', 10000, 2000, 8000, 1),
(4, '1', '2013-01-06', 'PTG/130106/0003', 'Bank', '3', 24000, 3000, 21000, 1),
(5, '1', '2013-01-06', 'PTG/130106/0003', 'Kas', '3', 21000, 5000, 16000, 1),
(6, '1', '2013-01-06', 'PTG/130106/0004', 'Kas', '4', 14000, 4500, 9500, 1),
(7, '1', '2013-01-10', 'PTG/130106/0003', 'Kas', '3', 16000, 3000, 13000, 1),
(8, '1', '2013-01-10', 'PTG/130108/0010', 'Kas', '3', 5000, 1000, 4000, 0),
(9, '1', '2013-01-10', 'PTG/130108/0009', 'Kas', '3', 14000, 4000, 10000, 0),
(10, '1', '2013-01-10', 'PTG/130109/0011', 'Kas', '1', 12000, 2000, 10000, 0);

-- --------------------------------------------------------

--
-- Table structure for table `area`
--

CREATE TABLE IF NOT EXISTS `area` (
  `id_area` int(3) NOT NULL AUTO_INCREMENT,
  `id_kabupaten` int(3) NOT NULL,
  `id_kecamatan` int(3) NOT NULL,
  `area` varchar(50) NOT NULL,
  `userid` int(3) NOT NULL,
  PRIMARY KEY (`id_area`)
) ENGINE=MyISAM  DEFAULT CHARSET=latin1 AUTO_INCREMENT=30 ;

--
-- Dumping data for table `area`
--

INSERT INTO `area` (`id_area`, `id_kabupaten`, `id_kecamatan`, `area`, `userid`) VALUES
(22, 2, 4, 'Timur Salung', 31),
(24, 2, 2, 'Wangi Banyu', 11),
(25, 6, 11, 'Genteng Timur', 1),
(26, 7, 21, 'Balung Kakas', 1),
(27, 2, 9, 'Giriharja', 1),
(28, 5, 20, 'Jember Timur', 1),
(29, 6, 3, 'banyu1', 1);

-- --------------------------------------------------------

--
-- Table structure for table `barang`
--

CREATE TABLE IF NOT EXISTS `barang` (
  `id_barang` int(3) NOT NULL AUTO_INCREMENT,
  `nama_barang` varchar(50) NOT NULL,
  `id_jenis` int(3) NOT NULL,
  `id_kategori` int(3) NOT NULL,
  `id_satuan` int(3) NOT NULL,
  `id_golongan` int(3) NOT NULL,
  `hpp` int(8) NOT NULL,
  `harga_toko` int(8) NOT NULL,
  `harga_partai` int(8) NOT NULL,
  `harga_cabang` int(8) NOT NULL,
  `point_karyawan` int(8) NOT NULL,
  `point_member` int(8) NOT NULL,
  `point_barangpoint` int(8) NOT NULL,
  `tanggal` date NOT NULL,
  `po_no` varchar(30) NOT NULL,
  `is_hargatoko` tinyint(4) NOT NULL,
  `is_hargapartai` tinyint(4) NOT NULL,
  `is_hargajual` tinyint(4) NOT NULL,
  `userid` int(3) NOT NULL,
  PRIMARY KEY (`id_barang`)
) ENGINE=MyISAM  DEFAULT CHARSET=latin1 AUTO_INCREMENT=65 ;

--
-- Dumping data for table `barang`
--

INSERT INTO `barang` (`id_barang`, `nama_barang`, `id_jenis`, `id_kategori`, `id_satuan`, `id_golongan`, `hpp`, `harga_toko`, `harga_partai`, `harga_cabang`, `point_karyawan`, `point_member`, `point_barangpoint`, `tanggal`, `po_no`, `is_hargatoko`, `is_hargapartai`, `is_hargajual`, `userid`) VALUES
(46, 'Nokia C2-03', 4, 3, 1, 6, 27400, 20000, 20000, 20000, 10, 20, 0, '0000-00-00', '', 0, 0, 0, 6),
(47, 'Samsung Corby S3850', 4, 3, 1, 7, 1602728, 320000, 320000, 320000, 10, 20, 0, '0000-00-00', '', 0, 1, 0, 6),
(44, 'Casing Welcomm', 1, 1, 1, 1, 3155, 15000, 15000, 15000, 0, 1, 0, '0000-00-00', '', 0, 1, 0, 6),
(45, 'Nokia 5800', 4, 3, 1, 6, 132000, 80000, 80000, 80000, 10, 20, 0, '0000-00-00', '', 0, 1, 1, 6),
(17, 'Pensil', 3, 14, 1, 24, 0, 0, 0, 0, 0, 0, 0, '0000-00-00', '', 0, 0, 0, 3),
(32, 'Mug Saweri', 3, 14, 1, 24, 0, 0, 0, 0, 0, 0, 100, '0000-00-00', '', 0, 0, 0, 22),
(33, 'Kaos Saweri', 3, 14, 1, 24, 0, 0, 0, 0, 0, 0, 120, '0000-00-00', '', 0, 0, 0, 22),
(34, 'Payung Saweri', 3, 14, 17, 24, 0, 0, 0, 0, 0, 0, 150, '0000-00-00', '', 0, 0, 0, 22),
(48, 'Voucher Tsel 5000', 1, 9, 1, 16, 622, 5500, 5500, 5500, 1, 2, 0, '0000-00-00', '', 0, 0, 0, 6),
(43, 'Tali Hp Panjang Karet', 1, 1, 1, 2, 1343, 6000, 6000, 6000, 5, 7, 0, '0000-00-00', '', 0, 0, 0, 1),
(49, 'Voucher Tsel 10000', 1, 9, 1, 16, 6030, 10000, 10000, 10000, 1, 2, 0, '0000-00-00', '', 0, 0, 0, 6),
(50, 'Voucher Tsel 25000', 1, 9, 1, 16, 6302, 0, 0, 0, 1, 2, 0, '0000-00-00', '', 0, 0, 0, 6),
(51, 'Vcr XL 5000 pusat', 2, 9, 1, 17, 1058, 5400, 5400, 5400, 1, 2, 0, '0000-00-00', '', 1, 1, 1, 6),
(52, 'Vcr XL 10000 pusat', 2, 9, 1, 17, 6760, 11000, 11000, 11000, 1, 2, 0, '0000-00-00', '', 1, 1, 1, 6),
(53, 'BATERAI NOKIA X1', 1, 1, 1, 4, 40275, 30000, 30000, 30000, 100, 1000, 0, '0000-00-00', '', 0, 0, 0, 3),
(54, 'BLACKBERRY 8520', 4, 3, 1, 10, 4101000, 2500000, 2500000, 2500000, 5000, 5000, 0, '0000-00-00', '', 0, 0, 0, 16),
(55, 'BB 9700', 4, 3, 1, 10, 61767, 4500, 5500, 6500, 0, 0, 0, '0000-00-00', '', 1, 1, 1, 16),
(56, 'hp blueberry c101', 4, 15, 2, 25, 500000, 530000, 530000, 530000, 0, 0, 0, '0000-00-00', '', 0, 0, 0, 11),
(57, 'jaket', 3, 1, 1, 1, 0, 0, 0, 0, 0, 0, 1000, '0000-00-00', '', 0, 0, 0, 11),
(58, 'tc nokia', 1, 1, 1, 24, 951125, 150000, 150000, 150000, 0, 0, 0, '0000-00-00', '', 0, 1, 0, 13),
(59, 'HP SAMSUNG GALAXY TAB', 4, 3, 1, 7, 10239584, 1550000, 1560000, 1570000, 1000, 1000, 0, '0000-00-00', '', 0, 0, 0, 1),
(60, 'HP NOKIA 1280', 4, 3, 1, 6, 195398, 0, 0, 0, 1000, 1000, 0, '0000-00-00', '', 0, 0, 0, 16),
(61, 'Perdana Flash', 1, 10, 1, 16, 11100, 11000, 11000, 11000, 20, 5, 0, '0000-00-00', '', 0, 0, 0, 1),
(62, 'Voucher Three 10', 2, 1, 1, 20, 10, 4000, 4000, 4000, 10, 10, 0, '0000-00-00', '', 1, 0, 0, 1),
(63, 'ABC', 3, 1, 1, 1, 0, 0, 0, 0, 0, 0, 30, '0000-00-00', '', 0, 0, 0, 1),
(64, 'Tas Hp', 3, 1, 2, 1, 0, 0, 0, 0, 0, 0, 30, '0000-00-00', '', 0, 0, 0, 1);

-- --------------------------------------------------------

--
-- Table structure for table `cabang`
--

CREATE TABLE IF NOT EXISTS `cabang` (
  `id_cabang` int(3) NOT NULL AUTO_INCREMENT,
  `kode_cabang` varchar(3) NOT NULL,
  `nama_cabang` varchar(50) NOT NULL,
  `alamat` varchar(50) NOT NULL,
  `telepon` varchar(20) NOT NULL,
  `max_piutang` int(8) NOT NULL,
  `saldo_piutang` int(8) NOT NULL,
  `userid` int(3) NOT NULL,
  PRIMARY KEY (`id_cabang`)
) ENGINE=MyISAM  DEFAULT CHARSET=latin1 AUTO_INCREMENT=16 ;

--
-- Dumping data for table `cabang`
--

INSERT INTO `cabang` (`id_cabang`, `kode_cabang`, `nama_cabang`, `alamat`, `telepon`, `max_piutang`, `saldo_piutang`, `userid`) VALUES
(1, '001', 'Pusat Saweri', 'Jl. S.Parman 18 Banyuwangi', '', 200000, 100000, 11),
(2, '002', 'Cabang Saweri 1', 'Jl. PB Sudirman 127 Banyuwangi', '0333-416518', 1250000, 0, 3),
(3, '003', 'Cabang Saweri 2', 'Jl. Gatot Subroto 168 Ketapang Banyuwangi', '0333-413725', 450000, 0, 3),
(4, '004', 'Cabang Saweri 3', 'Jl. Kepiting 7 Banyuwangi', '0333-7722227', 975000, 0, 3),
(5, '005', 'Cabang Saweri 4', 'Jl. Raya Rogojampi 57 Rogojampi Banyuwangi', '0333632557', 700000, 500000, 13),
(6, '006', 'Cabang Saweri 5', 'Jl. Raya Grajagan Purwoharjo', '0333-393011', 3255000, 0, 3),
(7, '007', 'Cabang Saweri 6', 'Jl. Brawijaya 57 Muncar Banyuwangi', '0333-595979', 755000, 750000, 11),
(8, '008', 'Cabang Saweri 7', 'Jl. Raya Benculuk 21 Benculuk Banyuwangi', '0333-7707677', 435000, 0, 3),
(9, '009', 'Cabang Saweri 8', 'Jl. Yos Sudarso 235 Jajag Banyuwangi', '0333-396323', 122600, 0, 3),
(10, '010', 'Cabang Saweri 9', 'Jl. Gajah Mada 74 Genteng Banyuwangi', '0333-842443', 225500, 1500000, 11),
(11, '011', 'Cabang Saweri 10', 'Jl. Gajah Mada 85 Genteng Banyuwangi', '0333-845471', 890000, 0, 3),
(12, '012', 'Cabang Saweri 11', 'Jl. Jawa 24 a Jember', '0331-7722789', 500000, 0, 3),
(15, '123', 'galeri smart', 'sobo', '', 100000, 200000, 11);

-- --------------------------------------------------------

--
-- Table structure for table `coa`
--

CREATE TABLE IF NOT EXISTS `coa` (
  `id_coa` int(3) NOT NULL AUTO_INCREMENT,
  `kode_coa` varchar(20) NOT NULL,
  `deskripsi` varchar(30) NOT NULL,
  PRIMARY KEY (`id_coa`)
) ENGINE=MyISAM  DEFAULT CHARSET=latin1 AUTO_INCREMENT=3 ;

--
-- Dumping data for table `coa`
--

INSERT INTO `coa` (`id_coa`, `kode_coa`, `deskripsi`) VALUES
(1, '00001', '00001'),
(2, '00002', '00002');

-- --------------------------------------------------------

--
-- Table structure for table `daftar_hutang`
--

CREATE TABLE IF NOT EXISTS `daftar_hutang` (
  `id` int(11) NOT NULL AUTO_INCREMENT,
  `KOUNIT` varchar(8) DEFAULT NULL,
  `TANGGAL` date DEFAULT NULL,
  `GLID` varchar(20) DEFAULT NULL,
  `AKUN` varchar(10) DEFAULT NULL,
  `KODE_PARTNER` varchar(32) DEFAULT NULL,
  `KET_TRANSASKSI` varchar(150) DEFAULT NULL,
  `po_no` varchar(30) NOT NULL,
  `JUMLAH` double DEFAULT NULL,
  `CUID` varchar(10) DEFAULT NULL,
  `CDATE` datetime DEFAULT NULL,
  `MUID` varchar(10) DEFAULT NULL,
  `MDATE` datetime DEFAULT NULL,
  PRIMARY KEY (`id`)
) ENGINE=MyISAM  DEFAULT CHARSET=utf8 AUTO_INCREMENT=9 ;

--
-- Dumping data for table `daftar_hutang`
--

INSERT INTO `daftar_hutang` (`id`, `KOUNIT`, `TANGGAL`, `GLID`, `AKUN`, `KODE_PARTNER`, `KET_TRANSASKSI`, `po_no`, `JUMLAH`, `CUID`, `CDATE`, `MUID`, `MDATE`) VALUES
(1, '1', '2012-06-25', 'HTG/120625/00001', '', '1', NULL, 'PO-001001625062012000001', 25000, '0016', '2012-06-25 00:00:00', '', '0000-00-00 00:00:00'),
(2, '1', '2012-07-30', 'HTG/120730/00002', '', '1', NULL, 'PO-001001630072012000001', 15000, '0016', '2012-07-30 00:00:00', '', '0000-00-00 00:00:00'),
(3, '1', '2012-12-17', 'HTG/121217/00003', '', '1', NULL, 'PO-001000117122012000002', 20000, '0001', '2012-12-17 00:00:00', '', '0000-00-00 00:00:00'),
(4, '1', '2013-01-02', 'HTG/130102/00004', '', '11', NULL, 'PO-001000102012013000001', 40000, '0001', '2013-01-02 00:00:00', '', '0000-00-00 00:00:00'),
(5, '1', '2013-01-04', 'HTG/130104/00005', '', '11', NULL, 'PO-001000104012013000001', 22000, '0001', '2013-01-04 00:00:00', '', '0000-00-00 00:00:00'),
(6, '1', '2013-01-05', 'HTG/130105/00006', '', '1', NULL, 'PO-001000105012013000001', 120000, '0001', '2013-01-05 00:00:00', '', '0000-00-00 00:00:00'),
(7, '1', '2013-01-05', 'HTG/130105/00007', '', '11', NULL, 'PO-001000105012013000002', 3000, '0001', '2013-01-05 00:00:00', '', '0000-00-00 00:00:00'),
(8, '1', '2013-01-11', 'HTG/130111/00008', '', '8', NULL, 'PO-001000111012013000001', 45000, '0001', '2013-01-11 00:00:00', '', '0000-00-00 00:00:00');

-- --------------------------------------------------------

--
-- Table structure for table `daftar_piutang`
--

CREATE TABLE IF NOT EXISTS `daftar_piutang` (
  `id` int(11) NOT NULL AUTO_INCREMENT,
  `KOUNIT` varchar(8) DEFAULT NULL,
  `TANGGAL` date DEFAULT NULL,
  `GLID` varchar(30) DEFAULT NULL,
  `AKUN` varchar(10) DEFAULT NULL,
  `KODE_PARTNER` varchar(32) DEFAULT NULL,
  `so_no` varchar(30) NOT NULL,
  `REFF_TRANSAKSI` varchar(20) DEFAULT NULL,
  `KET_TRANSASKSI` varchar(150) DEFAULT NULL,
  `JUMLAH` double DEFAULT NULL,
  `CUID` varchar(10) DEFAULT NULL,
  `CDATE` datetime DEFAULT NULL,
  `MUID` varchar(10) DEFAULT NULL,
  `MDATE` datetime DEFAULT NULL,
  PRIMARY KEY (`id`)
) ENGINE=MyISAM  DEFAULT CHARSET=utf8 AUTO_INCREMENT=18 ;

--
-- Dumping data for table `daftar_piutang`
--

INSERT INTO `daftar_piutang` (`id`, `KOUNIT`, `TANGGAL`, `GLID`, `AKUN`, `KODE_PARTNER`, `so_no`, `REFF_TRANSAKSI`, `KET_TRANSASKSI`, `JUMLAH`, `CUID`, `CDATE`, `MUID`, `MDATE`) VALUES
(1, '1', '2012-06-25', 'PTG/120625/0001', '', '10', 'SO-0010016120625000002', NULL, NULL, 40000, '0016', '2012-06-25 00:00:00', '', '0000-00-00 00:00:00'),
(2, '1', '2012-12-17', 'PTG/121217/0002', '', '1', 'SO-0010001121217000002', NULL, NULL, 8000, '0001', '2012-12-17 00:00:00', '', '0000-00-00 00:00:00'),
(3, '1', '2013-01-06', 'PTG/130106/0003', '', '3', 'SO-0010001130106000003', NULL, NULL, 13000, '0001', '2013-01-06 00:00:00', '', '0000-00-00 00:00:00'),
(4, '1', '2013-01-06', 'PTG/130106/0004', '', '4', 'SO-0010001130106000004', NULL, NULL, 9500, '0001', '2013-01-06 00:00:00', '', '0000-00-00 00:00:00'),
(5, '1', '2013-01-07', 'PTG/130108/0005', '', '3', 'SO-0010001130107000005', NULL, NULL, 5000, '0001', '2013-01-08 00:00:00', '', '0000-00-00 00:00:00'),
(6, '1', '2013-01-08', 'PTG/130108/0006', '', '3', 'SO-0010001130108000006', NULL, NULL, 5000, '0001', '2013-01-08 00:00:00', '', '0000-00-00 00:00:00'),
(7, '1', '2013-01-08', 'PTG/130108/0007', '', '3', 'SO-0010001130108000007', NULL, NULL, 12000, '0001', '2013-01-08 00:00:00', '', '0000-00-00 00:00:00'),
(8, '1', '2013-01-08', 'PTG/130108/0008', '', '-', 'SO-0010001130108000008', NULL, NULL, 12000, '0001', '2013-01-08 00:00:00', '', '0000-00-00 00:00:00'),
(9, '1', '2013-01-08', 'PTG/130108/0009', '', '3', 'SO-0010001130108000009', NULL, NULL, 10000, '0001', '2013-01-08 00:00:00', '', '0000-00-00 00:00:00'),
(10, '1', '2013-01-08', 'PTG/130108/0010', '', '3', 'SO-0010001130108000010', NULL, NULL, 4000, '0001', '2013-01-08 00:00:00', '', '0000-00-00 00:00:00'),
(11, '1', '2013-01-09', 'PTG/130109/0011', '', '1', 'SO-0010001130109000011', NULL, NULL, 10000, '0001', '2013-01-09 00:00:00', '', '0000-00-00 00:00:00'),
(12, '1', '2013-01-11', 'PTG/130111/0012', '', '1', 'SO-0010001130111000012', NULL, NULL, 240000, '0001', '2013-01-11 00:00:00', '', '0000-00-00 00:00:00'),
(13, '1', '2013-01-14', 'PTG/130114/0013', '', '2', 'SO-0010001130114000018', NULL, NULL, 80000, '0001', '2013-01-14 00:00:00', '', '0000-00-00 00:00:00'),
(14, '1', '2013-01-14', 'PTG/130114/0014', '', '11', 'SO-0010001130114000019', NULL, NULL, 80000, '0001', '2013-01-14 00:00:00', '', '0000-00-00 00:00:00'),
(15, '1', '2013-01-14', 'PTG/130114/0015', '', '12', 'SO-0010001130114000020', NULL, NULL, 75000, '0001', '2013-01-14 00:00:00', '', '0000-00-00 00:00:00'),
(16, '1', '2013-01-14', 'PTG/130114/0016', '', '11', 'SO-0010001130114000021', NULL, NULL, 75000, '0001', '2013-01-14 00:00:00', '', '0000-00-00 00:00:00'),
(17, '1', '2013-01-21', 'PTG/130121/0017', '', '2', 'SO-0010001130121000022', NULL, NULL, 6500, '0001', '2013-01-21 00:00:00', '', '0000-00-00 00:00:00');

-- --------------------------------------------------------

--
-- Table structure for table `detail_jurnal`
--

CREATE TABLE IF NOT EXISTS `detail_jurnal` (
  `ID` int(11) NOT NULL AUTO_INCREMENT,
  `KOUNIT` varchar(8) NOT NULL DEFAULT '',
  `GLID` varchar(75) NOT NULL DEFAULT '',
  `AKUNID` varchar(5) NOT NULL DEFAULT '',
  `DEBET` double DEFAULT '0',
  `KREDIT` double DEFAULT '0',
  `KETERANGAN` longtext NOT NULL,
  `CURRENCY` char(3) DEFAULT 'IDR',
  `CER` double DEFAULT '1',
  `CDATE` date NOT NULL DEFAULT '0000-00-00',
  `CUID` varchar(32) NOT NULL DEFAULT '',
  `MDATE` date NOT NULL DEFAULT '0000-00-00',
  `MUID` varchar(32) NOT NULL DEFAULT '',
  `STATUS` char(1) NOT NULL DEFAULT 'A',
  PRIMARY KEY (`ID`)
) ENGINE=MyISAM  DEFAULT CHARSET=utf8 AUTO_INCREMENT=63 ;

--
-- Dumping data for table `detail_jurnal`
--

INSERT INTO `detail_jurnal` (`ID`, `KOUNIT`, `GLID`, `AKUNID`, `DEBET`, `KREDIT`, `KETERANGAN`, `CURRENCY`, `CER`, `CDATE`, `CUID`, `MDATE`, `MUID`, `STATUS`) VALUES
(1, '', 'AR/120625/0001', '11110', 1500000, 0, '', 'IDR', 1, '2012-06-25', '0016', '0000-00-00', '', 'A'),
(2, '1', 'AR/120724/0002', '53200', 40000, 0, '', 'IDR', 1, '2012-06-25', '0001', '0000-00-00', '', 'A'),
(3, '1', 'AR/120724/0002', '53200', 40000, 0, '', 'IDR', 1, '2012-06-25', '0001', '0000-00-00', '', 'A'),
(4, '1', 'AR/120724/0002', '11220', 0, 80000, '', 'IDR', 1, '2012-07-24', '0001', '0000-00-00', '', 'A'),
(5, '1', 'AR/120724/0003', '53200', 13000, 0, '', 'IDR', 1, '2012-06-25', '0001', '0000-00-00', '', 'A'),
(6, '1', 'AR/120724/0003', '53200', 13000, 0, '', 'IDR', 1, '2012-06-25', '0001', '0000-00-00', '', 'A'),
(7, '1', 'AR/120724/0003', '11220', 0, 26000, '', 'IDR', 1, '2012-07-24', '0001', '0000-00-00', '', 'A'),
(8, '1', 'AR/120724/0004', '11220', 18000, 0, '', 'IDR', 1, '2012-07-24', '0001', '0000-00-00', '', 'A'),
(9, '1', 'AR/120724/0004', '54200', 0, 0, '', 'IDR', 1, '2012-06-25', '0001', '0000-00-00', '', 'A'),
(10, '1', 'AR/120724/0004', '43200', 0, 18000, '', 'IDR', 1, '2012-06-25', '0001', '0000-00-00', '', 'A'),
(11, '1', 'AR/120724/0005', '11220', 13000, 0, '', 'IDR', 1, '2012-07-24', '0001', '0000-00-00', '', 'A'),
(12, '1', 'AR/120724/0005', '54200', 0, 0, '', 'IDR', 1, '2012-06-25', '0001', '0000-00-00', '', 'A'),
(13, '1', 'AR/120724/0005', '43200', 0, 13000, '', 'IDR', 1, '2012-06-25', '0001', '0000-00-00', '', 'A'),
(14, '1', 'AR/120730/0006', '53200', 25000, 0, '', 'IDR', 1, '2012-07-30', '0016', '0000-00-00', '', 'A'),
(15, '1', 'AR/120730/0006', '21200', 0, 25000, '', 'IDR', 1, '2012-07-30', '0016', '0000-00-00', '', 'A'),
(16, '1', 'HTG/120730/0003', '20000', 10000, 0, '', 'IDR', 1, '2012-07-30', '0016', '0000-00-00', '', 'A'),
(17, '1', 'HTG/120730/0003', '11210', 0, 10000, '', 'IDR', 1, '2012-07-30', '0016', '0000-00-00', '', 'A'),
(18, '1', 'AR/120923/0008', '11100', 0, 20000, '', 'IDR', 1, '2012-09-23', '0001', '0000-00-00', '', 'A'),
(19, '1', 'AR/120923/0008', '43200', 20000, 0, '', 'IDR', 1, '2012-09-23', '0001', '0000-00-00', '', 'A'),
(25, '0', 'HTG/121226/00004', '44500', 0, 0, '', 'IDR', 1, '2012-12-26', '0001', '0000-00-00', '', 'A'),
(24, '0', 'HTG/121226/00004', '21200', 0, 0, '', 'IDR', 1, '2012-12-26', '0001', '0000-00-00', '', 'A'),
(22, 'P0010', 'HTG/121226/00004', '21200', 500000, 0, '', 'IDR', 1, '2012-12-26', '0001', '0000-00-00', '', 'A'),
(23, 'P0010', 'HTG/121226/00004', '44500', 0, 500000, '', 'IDR', 1, '2012-12-26', '0001', '0000-00-00', '', 'A'),
(26, 'P0011', 'HTG/121226/00004', '21200', 1000000, 0, '', 'IDR', 1, '2012-12-26', '0001', '0000-00-00', '', 'A'),
(27, 'P0011', 'HTG/121226/00004', '44500', 0, 1000000, '', 'IDR', 1, '2012-12-26', '0001', '0000-00-00', '', 'A'),
(28, '1', 'HTG/121228/0004', '21200', 5000, 0, '', 'IDR', 1, '2012-12-28', '0001', '0000-00-00', '', 'A'),
(29, '1', 'HTG/121228/0004', '11220', 0, 5000, '', 'IDR', 1, '2012-12-28', '0001', '0000-00-00', '', 'A'),
(30, '1', 'HTG/130102/0005', '20000', 2500, 0, '', 'IDR', 1, '2013-01-02', '0001', '0000-00-00', '', 'A'),
(31, '1', 'HTG/130102/0005', '11120', 0, 2500, '', 'IDR', 1, '2013-01-02', '0001', '0000-00-00', '', 'A'),
(32, '1', 'HTG/130105/0008', '20000', 5000, 0, '', 'IDR', 1, '2013-01-05', '0001', '0000-00-00', '', 'A'),
(33, '1', 'HTG/130105/0008', '11110', 0, 5000, '', 'IDR', 1, '2013-01-05', '0001', '0000-00-00', '', 'A'),
(34, '1', 'HTG/130105/0009', '20000', 15000, 0, '', 'IDR', 1, '2013-01-05', '0001', '0000-00-00', '', 'A'),
(35, '1', 'HTG/130105/0009', '11220', 0, 15000, '', 'IDR', 1, '2013-01-05', '0001', '0000-00-00', '', 'A'),
(36, '1', 'HTG/130105/0008', '20000', 3000, 0, '', 'IDR', 1, '2013-01-05', '0001', '0000-00-00', '', 'A'),
(37, '1', 'HTG/130105/0008', '11220', 0, 3000, '', 'IDR', 1, '2013-01-05', '0001', '0000-00-00', '', 'A'),
(38, '1', 'HTG/130105/0008', '20000', 10000, 0, '', 'IDR', 1, '2013-01-05', '0001', '0000-00-00', '', 'A'),
(39, '1', 'HTG/130105/0008', '11230', 0, 10000, '', 'IDR', 1, '2013-01-05', '0001', '0000-00-00', '', 'A'),
(40, '1', 'PTG/130106/0005', '11300', 0, 2000, '', 'IDR', 1, '2013-01-06', '0001', '0000-00-00', '', 'A'),
(41, '1', 'PTG/130106/0005', '11110', 2000, 0, '', 'IDR', 1, '2013-01-06', '0001', '0000-00-00', '', 'A'),
(42, '1', 'PTG/130106/0006', '11300', 0, 3000, '', 'IDR', 1, '2013-01-06', '0001', '0000-00-00', '', 'A'),
(43, '1', 'PTG/130106/0006', '11220', 3000, 0, '', 'IDR', 1, '2013-01-06', '0001', '0000-00-00', '', 'A'),
(44, '1', 'PTG/130106/0005', '11300', 0, 5000, '', 'IDR', 1, '2013-01-06', '0001', '0000-00-00', '', 'A'),
(45, '1', 'PTG/130106/0005', '11220', 5000, 0, '', 'IDR', 1, '2013-01-06', '0001', '0000-00-00', '', 'A'),
(46, '1', 'PTG/130110/0012', '11300', 0, 3000, '', 'IDR', 1, '2013-01-10', '0001', '0000-00-00', '', 'A'),
(47, '1', 'PTG/130110/0012', '11220', 3000, 0, '', 'IDR', 1, '2013-01-10', '0001', '0000-00-00', '', 'A'),
(48, '1', 'PTG/130110/0012', '11300', 0, 4500, '', 'IDR', 1, '2013-01-10', '0001', '0000-00-00', '', 'A'),
(49, '1', 'PTG/130110/0012', '11210', 4500, 0, '', 'IDR', 1, '2013-01-10', '0001', '0000-00-00', '', 'A'),
(50, '0', 'HTG/130822/00009', '21200', 0, 0, '', 'IDR', 1, '2013-08-22', '0001', '0000-00-00', '', 'A'),
(51, '0', 'HTG/130822/00009', '44500', 0, 0, '', 'IDR', 1, '2013-08-22', '0001', '0000-00-00', '', 'A'),
(52, '0', 'HTG/130822/00009', '21200', 0, 0, '', 'IDR', 1, '2013-08-22', '0001', '0000-00-00', '', 'A'),
(53, '0', 'HTG/130822/00009', '44500', 0, 0, '', 'IDR', 1, '2013-08-22', '0001', '0000-00-00', '', 'A'),
(54, '0', 'HTG/130822/00009', '21200', 0, 0, '', 'IDR', 1, '2013-08-22', '0001', '0000-00-00', '', 'A'),
(55, '0', 'HTG/130822/00009', '44500', 0, 0, '', 'IDR', 1, '2013-08-22', '0001', '0000-00-00', '', 'A'),
(56, '0', 'HTG/140414/00009', '21200', 0, 0, '', 'IDR', 1, '2014-04-14', '0001', '0000-00-00', '', 'A'),
(57, '0', 'HTG/140414/00009', '44500', 0, 0, '', 'IDR', 1, '2014-04-14', '0001', '0000-00-00', '', 'A'),
(58, '', 'AR/140415/0028', '11110', 150000, 0, '', 'IDR', 1, '2014-04-15', '0001', '0000-00-00', '', 'A'),
(59, '', 'AR/140415/0028', '11210', 0, 100000, '', 'IDR', 1, '2014-04-15', '0001', '0000-00-00', '', 'A'),
(60, '', 'AR/140415/0028', '11300', 0, 50000, '', 'IDR', 1, '2014-04-15', '0001', '0000-00-00', '', 'A'),
(61, '', 'AR/140415/0029', '11110', 1000, 0, '', 'IDR', 1, '2014-04-15', '0001', '0000-00-00', '', 'A'),
(62, '', 'AR/140415/0029', '11120', 0, 1000, '', 'IDR', 1, '2014-04-15', '0001', '0000-00-00', '', 'A');

-- --------------------------------------------------------

--
-- Table structure for table `detail_mutasi`
--

CREATE TABLE IF NOT EXISTS `detail_mutasi` (
  `id` int(11) NOT NULL AUTO_INCREMENT,
  `mutasi_id` varchar(15) NOT NULL,
  `glid` varchar(15) NOT NULL,
  `tanggal` date NOT NULL,
  `akunid` varchar(8) NOT NULL,
  `debet` bigint(20) NOT NULL,
  `kredit` bigint(20) NOT NULL,
  `status_posting` int(11) NOT NULL,
  `cuid` int(11) NOT NULL,
  `cdate` date NOT NULL,
  PRIMARY KEY (`id`)
) ENGINE=MyISAM  DEFAULT CHARSET=latin1 AUTO_INCREMENT=6 ;

--
-- Dumping data for table `detail_mutasi`
--

INSERT INTO `detail_mutasi` (`id`, `mutasi_id`, `glid`, `tanggal`, `akunid`, `debet`, `kredit`, `status_posting`, `cuid`, `cdate`) VALUES
(1, '', 'MKK/140415/0001', '2014-04-15', '11110', 150000, 0, 0, 1, '2014-04-15'),
(2, '', 'MKK/140415/0001', '2014-04-15', '11210', 0, 100000, 0, 1, '2014-04-15'),
(3, '', 'MKK/140415/0001', '2014-04-15', '11300', 0, 50000, 0, 1, '2014-04-15'),
(4, '', 'MKK/140415/0002', '2014-04-15', '11110', 1000, 0, 0, 1, '2014-04-15'),
(5, '', 'MKK/140415/0002', '2014-04-15', '11120', 0, 1000, 0, 1, '2014-04-15');

-- --------------------------------------------------------

--
-- Table structure for table `detail_pembelian`
--

CREATE TABLE IF NOT EXISTS `detail_pembelian` (
  `id_detail_pembelian` int(3) NOT NULL AUTO_INCREMENT,
  `id_pembelian` varchar(15) NOT NULL,
  `id_barang` int(3) NOT NULL,
  `harga` int(8) NOT NULL,
  `qty` int(8) NOT NULL,
  `sn` varchar(50) DEFAULT NULL,
  `jatuh_tempo` int(11) NOT NULL DEFAULT '1',
  `total` int(8) NOT NULL,
  `soldout` tinyint(1) NOT NULL,
  `posisi_pusat` int(11) NOT NULL,
  `posisi_cabang` int(11) NOT NULL,
  `posisi_pelanggan` int(11) NOT NULL,
  PRIMARY KEY (`id_detail_pembelian`)
) ENGINE=MyISAM  DEFAULT CHARSET=latin1 AUTO_INCREMENT=201 ;

--
-- Dumping data for table `detail_pembelian`
--

INSERT INTO `detail_pembelian` (`id_detail_pembelian`, `id_pembelian`, `id_barang`, `harga`, `qty`, `sn`, `jatuh_tempo`, `total`, `soldout`, `posisi_pusat`, `posisi_cabang`, `posisi_pelanggan`) VALUES
(1, '20120625100420', 42, 15000, 1, '', 2, 15000, 1, 0, 0, 0),
(2, '20120625100420', 42, 15000, 1, '', 2, 15000, 1, 0, 0, 0),
(3, '20120625101547', 44, 50000, 1, '', 0, 50000, 1, 0, 0, 0),
(4, '20120625101952', 44, 40000, 1, '', 0, 40000, 1, 0, 0, 0),
(5, '20120625101952', 44, 40000, 1, '', 0, 40000, 1, 0, 0, 0),
(6, '20120625102129', 42, 13000, 1, '', 0, 13000, 1, 0, 0, 0),
(7, '20120625102129', 42, 13000, 1, '', 0, 13000, 1, 0, 0, 0),
(8, '20120625102252', 42, 10000, 1, '', 0, 10000, 1, 0, 0, 0),
(9, '20120730044936', 42, 25000, 1, '', 2, 25000, 1, 0, 0, 0),
(10, '20121217124752', 61, 11000, 1, '', 0, 11000, 1, 0, 0, 0),
(11, '20121217124926', 51, 4500, 1, '', 5, 4500, 1, 0, 0, 0),
(12, '20121217124926', 51, 4500, 1, '', 5, 4500, 1, 0, 0, 0),
(13, '20121217124926', 51, 4500, 1, '', 5, 4500, 1, 0, 0, 0),
(14, '20121217124926', 51, 4500, 1, '', 5, 4500, 1, 0, 0, 0),
(15, '20121217124926', 51, 4500, 1, '', 5, 4500, 1, 0, 0, 0),
(16, '20130102143843', 43, 15000, 1, '', 5, 15000, 1, 0, 0, 0),
(17, '20130102143843', 43, 15000, 1, '', 5, 15000, 1, 0, 0, 0),
(18, '20130102143843', 43, 15000, 1, '', 5, 15000, 1, 0, 0, 0),
(19, '20130104000706', 49, 10000, 1, '', 5, 10000, 1, 0, 0, 0),
(20, '20130104000706', 49, 10000, 1, '', 5, 10000, 1, 0, 0, 0),
(21, '20130104000706', 49, 10000, 1, '', 5, 10000, 1, 0, 0, 0),
(22, '20130104000706', 49, 10000, 1, '', 5, 10000, 1, 0, 0, 0),
(23, '20130104000706', 49, 10000, 1, '', 5, 10000, 1, 0, 0, 0),
(24, '20130105141542', 44, 60000, 1, '', 5, 60000, 1, 0, 0, 0),
(25, '20130105141542', 44, 60000, 1, '', 5, 60000, 1, 0, 0, 0),
(26, '20130105141726', 42, 5000, 1, '', 1, 5000, 1, 0, 0, 0),
(27, '20130105141726', 42, 5000, 1, '', 1, 5000, 1, 0, 0, 0),
(28, '20130111143603', 49, 9000, 1, '', 2, 9000, 1, 0, 0, 0),
(29, '20130111143603', 49, 9000, 1, '', 2, 9000, 1, 0, 0, 0),
(30, '20130111143603', 49, 9000, 1, '', 2, 9000, 1, 0, 0, 0),
(31, '20130111143603', 49, 9000, 1, '', 2, 9000, 1, 0, 0, 0),
(32, '20130111143603', 49, 9000, 1, '', 2, 9000, 1, 0, 0, 0),
(33, '20130111143942', 60, 200000, 1, '8ISHF92', 0, 200000, 1, 0, 0, 0),
(34, '20130111143942', 60, 200000, 1, 'SIUHFS9', 0, 200000, 1, 0, 0, 0),
(35, '20130111143942', 60, 200000, 1, '32F3RGG', 0, 200000, 1, 0, 0, 0),
(36, '20130113104609', 43, 5000, 1, '', 0, 5000, 1, 0, 0, 0),
(37, '20130113104609', 43, 5000, 1, '', 0, 5000, 1, 0, 0, 0),
(38, '20130113104609', 43, 5000, 1, '', 0, 5000, 1, 0, 0, 0),
(39, '20130113104609', 43, 5000, 1, '', 0, 5000, 1, 0, 0, 0),
(40, '20130113104609', 43, 5000, 1, '', 0, 5000, 1, 0, 0, 0),
(41, '20130113104609', 43, 5000, 1, '', 0, 5000, 1, 0, 0, 0),
(42, '20130113104609', 43, 5000, 1, '', 0, 5000, 1, 0, 0, 0),
(43, '20130113104609', 43, 5000, 1, '', 0, 5000, 1, 0, 0, 0),
(44, '20130113104609', 43, 5000, 1, '', 0, 5000, 1, 0, 0, 0),
(45, '20130113104609', 43, 5000, 1, '', 0, 5000, 1, 0, 0, 0),
(46, '20130113104837', 61, 10000, 1, '', 0, 10000, 1, 0, 0, 0),
(47, '20130113104837', 61, 10000, 1, '', 0, 10000, 1, 0, 0, 0),
(48, '20130113104837', 61, 10000, 1, '', 0, 10000, 1, 0, 0, 0),
(49, '20130113104837', 61, 10000, 1, '', 0, 10000, 1, 0, 0, 0),
(50, '20130113104837', 61, 10000, 1, '', 0, 10000, 1, 0, 0, 0),
(51, '20130113104837', 61, 10000, 1, '', 0, 10000, 1, 0, 0, 0),
(52, '20130113104837', 61, 10000, 1, '', 0, 10000, 1, 0, 0, 0),
(53, '20130113104837', 61, 10000, 1, '', 0, 10000, 1, 0, 0, 0),
(54, '20130113104837', 61, 10000, 1, '', 0, 10000, 1, 0, 0, 0),
(55, '20130113104837', 61, 10000, 1, '', 0, 10000, 1, 0, 0, 0),
(56, '20130113105019', 45, 50000, 1, 'EWFW44SWF', 0, 50000, 1, 0, 0, 0),
(57, '20130113105019', 45, 50000, 1, 'SDFS4RRW34', 0, 50000, 1, 0, 0, 0),
(58, '20130113105019', 45, 50000, 1, 'SDF4R4E5YS', 0, 50000, 1, 0, 0, 0),
(59, '20130113105019', 45, 50000, 1, 'SDF4R45YERG', 0, 50000, 1, 0, 0, 0),
(60, '20130113105019', 45, 50000, 1, '43534TGERG5', 0, 50000, 1, 0, 0, 0),
(61, '20130114145148', 46, 70000, 1, 'GFHH6TH9', 0, 70000, 1, 0, 0, 0),
(62, '20130114145148', 46, 70000, 1, 'DFGDE6777', 0, 70000, 1, 0, 0, 0),
(63, '20130114145148', 46, 70000, 1, 'ERFEGFG544', 0, 70000, 1, 0, 0, 0),
(64, '20130114145148', 46, 70000, 1, 'FGDF787JJ2', 0, 70000, 1, 0, 0, 0),
(65, '20130114145148', 46, 70000, 1, 'DFGDT56HH', 0, 70000, 1, 0, 0, 0),
(66, '20130114145148', 46, 70000, 1, 'EWRWER48H', 0, 70000, 1, 0, 0, 0),
(67, '20130114145148', 46, 70000, 1, 'SDFS3RW4GG', 0, 70000, 1, 0, 0, 0),
(68, '20130114145148', 46, 70000, 1, 'SDFGRTH134', 0, 70000, 1, 0, 0, 0),
(69, '20130114145148', 46, 70000, 1, 'SFWERILGTG', 0, 70000, 1, 0, 0, 0),
(70, '20130114145148', 46, 70000, 1, 'YJ564HFGFFF', 0, 70000, 1, 0, 0, 0),
(71, '20130119001339', 59, 1500000, 1, 'SD4TEGD', 0, 1500000, 1, 0, 0, 0),
(72, '20130119001339', 59, 1500000, 1, '45RGDFGJ', 0, 1500000, 1, 0, 0, 0),
(73, '20130119001339', 59, 1500000, 1, 'HJT6Y4RTG', 0, 1500000, 1, 0, 0, 0),
(74, '20130119001455', 48, 2000, 1, '', 0, 2000, 1, 0, 0, 0),
(75, '20130119001455', 48, 2000, 1, '', 0, 2000, 1, 0, 0, 0),
(76, '20130119001455', 48, 2000, 1, '', 0, 2000, 1, 0, 0, 0),
(77, '20130119001455', 48, 2000, 1, '', 0, 2000, 1, 0, 0, 0),
(78, '20130119001455', 48, 2000, 1, '', 0, 2000, 1, 0, 0, 0),
(79, '20130119001455', 48, 2000, 1, '', 0, 2000, 1, 0, 0, 0),
(80, '20130119001455', 48, 2000, 1, '', 0, 2000, 1, 0, 0, 0),
(81, '20130119001455', 48, 2000, 1, '', 0, 2000, 1, 0, 0, 0),
(82, '20130119001455', 48, 2000, 1, '', 0, 2000, 1, 0, 0, 0),
(83, '20130119001455', 48, 2000, 1, '', 0, 2000, 1, 0, 0, 0),
(84, '20130120184632', 55, 3500, 1, 'SDFS3453F', 0, 3500, 1, 0, 0, 0),
(85, '20130120184632', 55, 3500, 1, 'W43T456G', 0, 3500, 1, 0, 0, 0),
(86, '20130120184632', 55, 3500, 1, '5G4G4H67', 0, 3500, 1, 0, 0, 0),
(87, '20130120190013', 55, 3500, 1, 'F5GH65HH1', 0, 3500, 1, 0, 0, 0),
(88, '20130120190013', 55, 3500, 1, '57686HJD9', 0, 3500, 1, 0, 0, 0),
(89, '20130123182006', 60, 0, 1, 'F5GH65HH1', 0, 0, 1, 0, 0, 0),
(90, '20130123182006', 60, 0, 1, 'W43T456G', 0, 0, 1, 0, 0, 0),
(91, '20130123182006', 60, 0, 1, 'HJT6Y4RTG', 0, 0, 1, 0, 0, 0),
(92, '20130123182006', 50, 0, 2, 'FGDF787JJ2', 0, 0, 1, 0, 0, 0),
(93, '20130123182006', 50, 0, 3, 'DFGDT56HH', 0, 0, 1, 0, 0, 0),
(94, '20130124152428', 44, 22000, 1, '', 0, 22000, 1, 0, 0, 0),
(95, '20130124152658', 44, 2000, 1, '', 0, 2000, 1, 0, 0, 0),
(96, '20130124152658', 44, 2000, 1, '', 0, 2000, 1, 0, 0, 0),
(97, '20130124152823', 48, 5000, 1, '', 0, 5000, 1, 0, 0, 0),
(98, '20130124152823', 48, 5000, 1, '', 0, 5000, 1, 0, 0, 0),
(99, '20130124152823', 48, 5000, 1, '', 0, 5000, 1, 0, 0, 0),
(100, '20130124152823', 44, 2000, 1, '', 0, 2000, 1, 0, 0, 0),
(101, '20130124152823', 44, 2000, 1, '', 0, 2000, 1, 0, 0, 0),
(102, '20130228153829', 43, 5000, 1, '', 0, 5000, 1, 0, 0, 0),
(103, '20130228153829', 43, 5000, 1, '', 0, 5000, 1, 0, 0, 0),
(104, '20130228153829', 43, 5000, 1, '', 0, 5000, 1, 0, 0, 0),
(105, '20130228153829', 43, 5000, 1, '', 0, 5000, 1, 0, 0, 0),
(106, '20130228153829', 43, 5000, 1, '', 0, 5000, 1, 0, 0, 0),
(107, '20130228153829', 43, 5000, 1, '', 0, 5000, 1, 0, 0, 0),
(108, '20130228153829', 43, 5000, 1, '', 0, 5000, 1, 0, 0, 0),
(109, '20130228153829', 43, 5000, 1, '', 0, 5000, 1, 0, 0, 0),
(110, '20130228153829', 43, 5000, 1, '', 0, 5000, 1, 0, 0, 0),
(111, '20130228153829', 43, 5000, 1, '', 0, 5000, 1, 0, 0, 0),
(112, '20130228153936', 53, 25000, 1, '', 0, 25000, 1, 0, 0, 0),
(113, '20130228153936', 53, 25000, 1, '', 0, 25000, 1, 0, 0, 0),
(114, '20130228153936', 53, 25000, 1, '', 0, 25000, 1, 0, 0, 0),
(115, '20130228153936', 53, 25000, 1, '', 0, 25000, 1, 0, 0, 0),
(116, '20130228153936', 53, 25000, 1, '', 0, 25000, 1, 0, 0, 0),
(117, '20130302144935', 46, 100000, 1, 'FSF4534T5', 0, 100000, 1, 0, 0, 0),
(118, '20130302144935', 46, 100000, 1, 'DFGD4T3TR', 0, 100000, 1, 0, 0, 0),
(119, '20130302144935', 46, 100000, 1, 'DFGDG56Y5', 0, 100000, 1, 0, 0, 0),
(120, '20130302144935', 46, 100000, 1, 'DFGDG5T54', 0, 100000, 1, 0, 0, 0),
(121, '20130302144935', 46, 100000, 1, 'DFGDGDFGD', 0, 100000, 0, 0, 0, 0),
(122, '20130302202041', 49, 8000, 1, '', 0, 8000, 1, 0, 0, 0),
(123, '20130302202041', 49, 8000, 1, '', 0, 8000, 1, 0, 0, 0),
(124, '20130302202041', 49, 8000, 1, '', 0, 8000, 1, 0, 0, 0),
(125, '20130302202041', 49, 8000, 1, '', 0, 8000, 1, 0, 0, 0),
(126, '20130302202041', 49, 8000, 1, '', 0, 8000, 1, 0, 0, 0),
(127, '20130302202041', 49, 8000, 1, '', 0, 8000, 1, 0, 0, 0),
(128, '20130302202041', 49, 8000, 1, '', 0, 8000, 1, 0, 0, 0),
(129, '20130302202041', 49, 8000, 1, '', 0, 8000, 1, 0, 0, 0),
(130, '20130302202041', 49, 8000, 1, '', 0, 8000, 1, 0, 0, 0),
(131, '20130302202041', 49, 8000, 1, '', 0, 8000, 0, 0, 0, 0),
(132, '20130302202119', 42, 2000, 1, '', 0, 2000, 1, 0, 0, 0),
(133, '20130302202119', 42, 2000, 1, '', 0, 2000, 1, 0, 0, 0),
(134, '20130302202119', 42, 2000, 1, '', 0, 2000, 1, 0, 0, 0),
(135, '20130302202119', 42, 2000, 1, '', 0, 2000, 1, 0, 0, 0),
(136, '20130302202119', 42, 2000, 1, '', 0, 2000, 1, 0, 0, 0),
(137, '20130302202119', 42, 2000, 1, '', 0, 2000, 1, 0, 0, 0),
(138, '20130302202119', 42, 2000, 1, '', 0, 2000, 1, 0, 0, 0),
(139, '20130302202119', 42, 2000, 1, '', 0, 2000, 1, 0, 0, 0),
(140, '20130302202119', 42, 2000, 1, '', 0, 2000, 1, 0, 0, 0),
(141, '20130302202119', 42, 2000, 1, '', 0, 2000, 1, 0, 0, 0),
(142, '20130302202119', 42, 2000, 1, '', 0, 2000, 1, 0, 0, 0),
(143, '20130302202119', 42, 2000, 1, '', 0, 2000, 1, 0, 0, 0),
(144, '20130302202119', 42, 2000, 1, '', 0, 2000, 1, 0, 0, 0),
(145, '20130302202119', 42, 2000, 1, '', 0, 2000, 1, 0, 0, 0),
(146, '20130302202119', 42, 2000, 1, '', 0, 2000, 1, 0, 0, 0),
(147, '20130304115459', 44, 12000, 1, '', 0, 12000, 1, 0, 0, 0),
(148, '20130304115459', 44, 12000, 1, '', 0, 12000, 1, 0, 0, 0),
(149, '20130304115459', 44, 12000, 1, '', 0, 12000, 1, 0, 0, 0),
(150, '20130304115459', 44, 12000, 1, '', 0, 12000, 1, 0, 0, 0),
(151, '20130304115459', 44, 12000, 1, '', 0, 12000, 1, 0, 0, 0),
(152, '20130305173652', 42, 1000, 1, '', 0, 1000, 0, 0, 0, 1),
(153, '20130305173652', 42, 1000, 1, '', 0, 1000, 0, 0, 0, 1),
(154, '20130305173652', 42, 1000, 1, '', 0, 1000, 0, 0, 0, 1),
(155, '20130305173652', 42, 1000, 1, '', 0, 1000, 0, 0, 0, 1),
(156, '20130305173652', 42, 1000, 1, '', 0, 1000, 0, 0, 0, 1),
(157, '20130305173652', 42, 1000, 1, '', 0, 1000, 0, 0, 0, 1),
(158, '20130305173652', 42, 1000, 1, '', 0, 1000, 0, 0, 0, 1),
(159, '20130305173652', 42, 1000, 1, '', 0, 1000, 0, 0, 0, 1),
(160, '20130305173652', 42, 1000, 1, '', 0, 1000, 0, 0, 2, 0),
(161, '20130305173652', 42, 1000, 1, '', 0, 1000, 0, 1, 0, 0),
(162, '20130305174102', 46, 15000, 1, 'FDG34DSF', 0, 15000, 0, 0, 0, 1),
(163, '20130305174102', 46, 15000, 1, '45YGDEDF4', 0, 15000, 0, 0, 0, 1),
(164, '20130305174102', 46, 15000, 1, 'SDF43RGFD', 0, 15000, 0, 0, 0, 1),
(165, '20130305174102', 46, 15000, 1, 'SDF43FEF', 0, 15000, 0, 0, 0, 1),
(166, '20130305174102', 46, 15000, 1, 'SDFSDF4343F', 0, 15000, 0, 0, 2, 0),
(167, '20130305174102', 46, 15000, 1, 'SDFS43RFWEF', 0, 15000, 0, 1, 0, 0),
(168, '20130305174102', 46, 15000, 1, 'SDF3RT65Y65H', 0, 15000, 0, 1, 0, 0),
(169, '20140129114537', 48, 0, 1, 'ajsdoasj32e3', 0, 0, 0, 0, 3, 0),
(170, '20140129123432', 48, 5500, 1, '', 0, 5500, 0, 0, 3, 0),
(171, '20140129123432', 48, 5500, 1, '', 0, 5500, 0, 0, 1, 0),
(172, '20140129123432', 48, 5500, 1, '', 0, 5500, 0, 0, 1, 0),
(173, '20140129123432', 48, 5500, 1, '', 0, 5500, 0, 1, 0, 0),
(174, '20140129123432', 48, 5500, 1, '', 0, 5500, 0, 1, 0, 0),
(175, '20140129123432', 48, 5500, 1, '', 0, 5500, 0, 1, 0, 0),
(176, '20140129123432', 48, 5500, 1, '', 0, 5500, 0, 1, 0, 0),
(177, '20140129123432', 48, 5500, 1, '', 0, 5500, 0, 1, 0, 0),
(178, '20140129123432', 48, 5500, 1, '', 0, 5500, 0, 1, 0, 0),
(179, '20140129123432', 48, 5500, 1, '', 0, 5500, 0, 1, 0, 0),
(180, '20140129155029', 51, 5400, 1, '', 2, 5400, 0, 0, 3, 0),
(181, '20140129155029', 51, 5400, 1, '', 2, 5400, 0, 0, 3, 0),
(182, '20140129155029', 51, 5400, 1, '', 2, 5400, 0, 0, 1, 0),
(183, '20140129155029', 51, 5400, 1, '', 2, 5400, 0, 0, 1, 0),
(184, '20140129155029', 51, 5400, 1, '', 2, 5400, 0, 0, 0, 1),
(185, '20140129155029', 51, 5400, 1, '', 2, 5400, 0, 0, 0, 1),
(186, '20140129155029', 51, 5400, 1, '', 2, 5400, 0, 1, 0, 0),
(187, '20140129155029', 51, 5400, 1, '', 2, 5400, 0, 1, 0, 0),
(188, '20140129155029', 51, 5400, 1, '', 2, 5400, 0, 1, 0, 0),
(189, '20140129155029', 51, 5400, 1, '', 2, 5400, 0, 1, 0, 0),
(190, '20140129155029', 51, 5400, 1, '', 2, 5400, 0, 1, 0, 0),
(191, '20140129155029', 51, 5400, 1, '', 2, 5400, 0, 1, 0, 0),
(192, '20140129155029', 51, 5400, 1, '', 2, 5400, 0, 1, 0, 0),
(193, '20140129155029', 51, 5400, 1, '', 2, 5400, 0, 1, 0, 0),
(194, '20140129155029', 51, 5400, 1, '', 2, 5400, 0, 1, 0, 0),
(195, '20140129155029', 51, 5400, 1, '', 2, 5400, 0, 1, 0, 0),
(196, '20140129155029', 51, 5400, 1, '', 2, 5400, 0, 1, 0, 0),
(197, '20140129155029', 51, 5400, 1, '', 2, 5400, 0, 1, 0, 0),
(198, '20140129155029', 51, 5400, 1, '', 2, 5400, 0, 1, 0, 0),
(199, '20140129155029', 51, 5400, 1, '', 2, 5400, 0, 1, 0, 0),
(200, '20140404065127', 49, 10000, 1, '', 3, 10000, 0, 0, 2, 0);

-- --------------------------------------------------------

--
-- Table structure for table `detail_penerimaan_kas`
--

CREATE TABLE IF NOT EXISTS `detail_penerimaan_kas` (
  `id` int(11) NOT NULL AUTO_INCREMENT,
  `glid` varchar(15) NOT NULL,
  `akunid` varchar(8) NOT NULL,
  `debet` bigint(20) NOT NULL,
  `kredit` bigint(20) NOT NULL,
  `status_posting` int(11) NOT NULL,
  `ket_transaksi` longtext NOT NULL,
  `cuid` int(11) NOT NULL,
  `cdate` date NOT NULL,
  PRIMARY KEY (`id`)
) ENGINE=MyISAM DEFAULT CHARSET=latin1 AUTO_INCREMENT=1 ;

-- --------------------------------------------------------

--
-- Table structure for table `detail_pengeluaran_kas`
--

CREATE TABLE IF NOT EXISTS `detail_pengeluaran_kas` (
  `id` int(11) NOT NULL AUTO_INCREMENT,
  `glid` varchar(15) NOT NULL,
  `akunid` varchar(8) NOT NULL,
  `debet` bigint(20) NOT NULL,
  `kredit` bigint(20) NOT NULL,
  `status_posting` int(11) NOT NULL,
  `ket_transaksi` longtext NOT NULL,
  `cuid` int(11) NOT NULL,
  `cdate` date NOT NULL,
  PRIMARY KEY (`id`)
) ENGINE=MyISAM DEFAULT CHARSET=latin1 AUTO_INCREMENT=1 ;

-- --------------------------------------------------------

--
-- Table structure for table `detail_penjualan`
--

CREATE TABLE IF NOT EXISTS `detail_penjualan` (
  `id_detail_penjualan` int(3) NOT NULL AUTO_INCREMENT,
  `id_detail_pembelian` int(11) NOT NULL,
  `id_penjualan` varchar(15) NOT NULL,
  `id_barang` int(3) NOT NULL,
  `harga` int(8) NOT NULL,
  `qty` int(8) NOT NULL,
  `total` int(8) NOT NULL,
  `sn` varchar(50) DEFAULT NULL,
  `id_karyawan` int(3) NOT NULL,
  PRIMARY KEY (`id_detail_penjualan`)
) ENGINE=MyISAM  DEFAULT CHARSET=latin1 AUTO_INCREMENT=154 ;

--
-- Dumping data for table `detail_penjualan`
--

INSERT INTO `detail_penjualan` (`id_detail_penjualan`, `id_detail_pembelian`, `id_penjualan`, `id_barang`, `harga`, `qty`, `total`, `sn`, `id_karyawan`) VALUES
(1, 1, '20120625101430', 42, 18000, 1, 18000, '', 0),
(2, 4, '20120625102022', 44, 50000, 1, 50000, '', 0),
(3, 5, '20120625102022', 44, 50000, 1, 50000, '', 0),
(4, 2, '20120625102353', 42, 13000, 1, 13000, '', 0),
(5, 10, '20121217124837', 61, 12000, 1, 12000, '', 0),
(6, 11, '20121217125014', 51, 5000, 1, 5000, '', 0),
(7, 12, '20121217125014', 51, 5000, 1, 5000, '', 0),
(8, 19, '20130106103704', 49, 12000, 1, 12000, '', 0),
(9, 20, '20130106103704', 49, 12000, 1, 12000, '', 0),
(10, 16, '20130106103739', 43, 14000, 1, 14000, '', 0),
(11, 13, '20130107111434', 51, 5000, 1, 5000, '', 0),
(12, 17, '20130108124600', 43, 14000, 1, 14000, '', 0),
(13, 14, '20130108125818', 51, 5000, 1, 5000, '', 0),
(14, 21, '20130108010659', 49, 12000, 1, 12000, '', 0),
(15, 22, '20130108011547', 49, 12000, 1, 12000, '', 0),
(16, 18, '20130108105610', 43, 14000, 1, 14000, '', 0),
(17, 15, '20130108111135', 51, 5000, 1, 5000, '', 0),
(18, 23, '20130109054655', 49, 12000, 1, 12000, '', 0),
(19, 33, '20130111024030', 60, 240000, 1, 240000, '8ISHF92', 0),
(20, 34, '20130113103754', 60, 240000, 1, 240000, 'SIUHFS9', 0),
(21, 35, '20130113104127', 60, 240000, 1, 240000, '32F3RGG', 0),
(22, 56, '20130113104938', 45, 80000, 1, 80000, 'EWFW44SWF', 0),
(23, 57, '20130113105804', 45, 80000, 1, 80000, 'SDFS4RRW34', 0),
(24, 57, '20130113105804', 45, 80000, 1, 80000, 'SDFS4RRW34', 0),
(25, 58, '20130113105916', 45, 80000, 1, 80000, 'SDF4R4E5YS', 0),
(26, 59, '20130114020838', 45, 80000, 1, 80000, 'SDF4R45YERG', 0),
(27, 60, '20130114023817', 45, 80000, 1, 80000, '43534TGERG5', 0),
(28, 61, '20130114025326', 46, 75000, 1, 75000, 'GFHH6TH9', 0),
(29, 61, '20130114025326', 46, 75000, 1, 75000, 'GFHH6TH9', 0),
(30, 62, '20130114025511', 46, 75000, 1, 75000, 'DFGDE6777', 0),
(31, 88, '20130121105630', 55, 6500, 1, 6500, '57686HJD9', 0),
(32, 92, '20130127055549', 50, 0, 2, 0, 'FGDF787JJ2', 0),
(33, 74, '20130127055940', 48, 5000, 3, 15000, '', 0),
(34, 75, '20130127060201', 48, 5000, 1, 10000, '', 0),
(35, 75, '20130127060201', 48, 5000, 1, 10000, '', 0),
(36, 76, '20130127061514', 48, 5000, 1, 15000, '', 0),
(37, 76, '20130127061514', 48, 5000, 1, 15000, '', 0),
(38, 76, '20130127061514', 48, 5000, 1, 15000, '', 0),
(39, 112, '20130228033914', 53, 30000, 1, 120000, '', 0),
(40, 112, '20130228033914', 53, 30000, 1, 120000, '', 0),
(41, 112, '20130228033914', 53, 30000, 1, 120000, '', 0),
(42, 112, '20130228033914', 53, 30000, 1, 120000, '', 0),
(43, 113, '20130228034042', 53, 30000, 1, 90000, '', 0),
(44, 113, '20130228034042', 53, 30000, 1, 90000, '', 0),
(45, 113, '20130228034042', 53, 30000, 1, 90000, '', 0),
(46, 114, '20130228034116', 53, 30000, 1, 60000, '', 0),
(47, 114, '20130228034116', 53, 30000, 1, 60000, '', 0),
(48, 115, '20130228034207', 53, 30000, 1, 30000, '', 0),
(49, 116, '20130228034238', 53, 30000, 1, 30000, '', 0),
(50, 102, '20130228034312', 43, 6000, 1, 60000, '', 0),
(51, 102, '20130228034312', 43, 6000, 1, 60000, '', 0),
(52, 102, '20130228034312', 43, 6000, 1, 60000, '', 0),
(53, 102, '20130228034312', 43, 6000, 1, 60000, '', 0),
(54, 102, '20130228034312', 43, 6000, 1, 60000, '', 0),
(55, 102, '20130228034312', 43, 6000, 1, 60000, '', 0),
(56, 102, '20130228034312', 43, 6000, 1, 60000, '', 0),
(57, 102, '20130228034312', 43, 6000, 1, 60000, '', 0),
(58, 102, '20130228034312', 43, 6000, 1, 60000, '', 0),
(59, 102, '20130228034312', 43, 6000, 1, 60000, '', 0),
(60, 117, '20130302022919', 46, 110000, 1, 110000, 'FSF4534T5', 0),
(61, 118, '20130302022919', 46, 110000, 1, 110000, 'DFGD4T3TR', 0),
(62, 103, '20130302022919', 43, 6000, 1, 12000, '', 0),
(63, 103, '20130302022919', 43, 6000, 1, 12000, '', 0),
(64, 104, '20130302035514', 43, 6000, 1, 18000, '', 0),
(65, 104, '20130302035514', 43, 6000, 1, 18000, '', 0),
(66, 104, '20130302035514', 43, 6000, 1, 18000, '', 0),
(67, 105, '20130302035551', 43, 6000, 1, 30000, '', 0),
(68, 105, '20130302035551', 43, 6000, 1, 30000, '', 0),
(69, 105, '20130302035551', 43, 6000, 1, 30000, '', 0),
(70, 105, '20130302035551', 43, 6000, 1, 30000, '', 0),
(71, 105, '20130302035551', 43, 6000, 1, 30000, '', 0),
(72, 106, '20130302035706', 43, 6000, 1, 18000, '', 0),
(73, 106, '20130302035935', 43, 6000, 1, 18000, '', 0),
(74, 106, '20130302035935', 43, 6000, 1, 18000, '', 0),
(75, 106, '20130302035935', 43, 6000, 1, 18000, '', 0),
(76, 107, '20130302040443', 43, 6000, 1, 18000, '', 0),
(77, 107, '20130302040443', 43, 6000, 1, 18000, '', 0),
(78, 107, '20130302040443', 43, 6000, 1, 18000, '', 0),
(79, 108, '20130302075951', 43, 6000, 1, 18000, '', 0),
(80, 108, '20130302075951', 43, 6000, 1, 18000, '', 0),
(81, 108, '20130302075951', 43, 6000, 1, 18000, '', 0),
(82, 108, '20130302075951', 43, 6000, 1, 18000, '', 0),
(83, 108, '20130302075951', 43, 6000, 1, 18000, '', 0),
(84, 108, '20130302075951', 43, 6000, 1, 18000, '', 0),
(85, 109, '20130302081756', 43, 6000, 1, 18000, '', 0),
(86, 109, '20130302081756', 43, 6000, 1, 18000, '', 0),
(87, 109, '20130302081756', 43, 6000, 1, 18000, '', 0),
(88, 110, '20130302081944', 43, 6000, 1, 12000, '', 0),
(89, 111, '20130302081944', 43, 6000, 1, 12000, '', 0),
(90, 122, '20130302082011', 49, 10500, 1, 31500, '', 0),
(91, 123, '20130302082011', 49, 10500, 1, 31500, '', 0),
(92, 124, '20130302082011', 49, 10500, 1, 31500, '', 0),
(93, 132, '20130302082011', 42, 3000, 1, 12000, '', 0),
(94, 133, '20130302082011', 42, 3000, 1, 12000, '', 0),
(95, 134, '20130302082011', 42, 3000, 1, 12000, '', 0),
(96, 135, '20130302082011', 42, 3000, 1, 12000, '', 0),
(97, 136, '20130302082446', 42, 3000, 1, 6000, '', 0),
(98, 136, '20130302082446', 42, 3000, 1, 6000, '', 0),
(99, 138, '20130302082612', 42, 3000, 1, 9000, '', 0),
(100, 138, '20130302082612', 42, 3000, 1, 9000, '', 0),
(101, 138, '20130302082612', 42, 3000, 1, 9000, '', 0),
(102, 119, '20130302082612', 46, 110000, 1, 110000, 'DFGDG56Y5', 0),
(103, 120, '20130302082612', 46, 110000, 1, 110000, 'DFGDG5T54', 0),
(104, 141, '20130302083741', 42, 3000, 1, 9000, '', 0),
(105, 142, '20130302083741', 42, 3000, 1, 9000, '', 0),
(106, 143, '20130302083741', 42, 3000, 1, 9000, '', 0),
(107, 147, '20130304010642', 44, 15000, 1, 45000, '', 0),
(108, 147, '20130304010642', 44, 15000, 1, 45000, '', 0),
(109, 147, '20130304010642', 44, 15000, 1, 45000, '', 0),
(110, 125, '20130305023747', 49, 10500, 1, 21000, '', 0),
(111, 125, '20130305023747', 49, 10500, 1, 21000, '', 0),
(112, 127, '20130305032627', 49, 10500, 1, 31500, '', 0),
(113, 127, '20130305032627', 49, 10500, 1, 31500, '', 0),
(114, 127, '20130305032627', 49, 10500, 1, 31500, '', 0),
(115, 130, '20130305032807', 49, 10500, 1, 10500, '', 0),
(116, 150, '20130305043624', 44, 15000, 1, 30000, '', 0),
(117, 150, '20130305043624', 44, 15000, 1, 30000, '', 0),
(118, 144, '20130305043801', 42, 3000, 1, 9000, '', 0),
(119, 145, '20130305043801', 42, 3000, 1, 9000, '', 0),
(120, 146, '20130305043801', 42, 3000, 1, 9000, '', 0),
(121, 152, '20130305054007', 42, 1500, 1, 3000, '', 0),
(122, 153, '20130305054007', 42, 1500, 1, 3000, '', 0),
(123, 162, '20130305055810', 46, 20000, 1, 20000, 'FDG34DSF', 0),
(124, 154, '20130305055810', 42, 1500, 1, 3000, '', 0),
(125, 155, '20130305055810', 42, 1500, 1, 3000, '', 0),
(126, 163, '20130305061218', 46, 20000, 1, 20000, '45YGDEDF4', 0),
(127, 164, '20130305061218', 46, 20000, 1, 20000, 'SDF43RGFD', 0),
(128, 156, '20130305061218', 42, 1500, 1, 4500, '', 0),
(129, 157, '20130305061218', 42, 1500, 1, 4500, '', 0),
(130, 158, '20130305061218', 42, 1500, 1, 4500, '', 0),
(131, 165, '20130305061336', 46, 20000, 1, 20000, 'SDF43FEF', 0),
(132, 166, '20130305061336', 46, 20000, 1, 20000, 'SDFSDF4343F', 0),
(133, 159, '20130305061336', 42, 1500, 1, 3000, '', 0),
(134, 160, '20130305061336', 42, 1500, 1, 3000, '', 0),
(135, 165, '20130305061405', 46, 20000, 1, 20000, 'SDF43FEF', 0),
(136, 152, '20130305061405', 42, 1500, 1, 3000, '', 0),
(137, 153, '20130305061405', 42, 1500, 1, 3000, '', 0),
(138, 152, '20130305062433', 42, 1500, 1, 3000, '', 0),
(139, 153, '20130305062433', 42, 1500, 1, 3000, '', 0),
(140, 159, '20130305062457', 42, 1500, 1, 1500, '', 0),
(141, 165, '20130305062457', 46, 20000, 1, 20000, 'SDF43FEF', 0),
(142, 169, '20140129122936', 48, 0, 1, 0, 'ajsdoasj32e3', 0),
(143, 180, '20140129035306', 51, 5400, 1, 10800, '', 0),
(144, 181, '20140129035306', 51, 5400, 1, 10800, '', 0),
(145, 170, '20140129035306', 48, 5500, 1, 5500, '', 0),
(146, 171, '20140129035823', 48, 5500, 1, 5500, '', 0),
(147, 182, '20140129035823', 51, 5400, 1, 10800, '', 0),
(148, 183, '20140129035823', 51, 5400, 1, 10800, '', 0),
(149, 172, '20140129040126', 48, 5500, 1, 5500, '', 0),
(150, 184, '20140129041301', 51, 5400, 1, 10800, '', 0),
(151, 185, '20140129041301', 51, 5400, 1, 10800, '', 0),
(152, 200, '20140414055915', 49, 10000, 1, 20000, '', 0),
(153, 201, '20140414055915', 49, 10000, 1, 20000, '', 0);

-- --------------------------------------------------------

--
-- Table structure for table `detail_penukaranpoint`
--

CREATE TABLE IF NOT EXISTS `detail_penukaranpoint` (
  `id_detailpenukaranpoint` int(3) NOT NULL AUTO_INCREMENT,
  `id_penukaranpoint` int(3) NOT NULL,
  `id_barang` int(3) NOT NULL,
  `qty` int(3) NOT NULL,
  PRIMARY KEY (`id_detailpenukaranpoint`)
) ENGINE=MyISAM DEFAULT CHARSET=latin1 AUTO_INCREMENT=1 ;

-- --------------------------------------------------------

--
-- Table structure for table `detail_refund`
--

CREATE TABLE IF NOT EXISTS `detail_refund` (
  `ID` int(11) NOT NULL AUTO_INCREMENT,
  `KOUNIT` varchar(8) NOT NULL DEFAULT '',
  `GLID` varchar(75) NOT NULL DEFAULT '',
  `AKUNID` varchar(5) NOT NULL DEFAULT '',
  `DEBET` double DEFAULT '0',
  `KREDIT` double DEFAULT '0',
  `KETERANGAN` longtext NOT NULL,
  `CURRENCY` char(3) DEFAULT 'IDR',
  `CER` double DEFAULT '1',
  `CDATE` date NOT NULL DEFAULT '0000-00-00',
  `CUID` varchar(32) NOT NULL DEFAULT '',
  `MDATE` date NOT NULL DEFAULT '0000-00-00',
  `MUID` varchar(32) NOT NULL DEFAULT '',
  `STATUS` char(1) NOT NULL DEFAULT 'A',
  PRIMARY KEY (`ID`)
) ENGINE=MyISAM  DEFAULT CHARSET=utf8 AUTO_INCREMENT=3 ;

--
-- Dumping data for table `detail_refund`
--

INSERT INTO `detail_refund` (`ID`, `KOUNIT`, `GLID`, `AKUNID`, `DEBET`, `KREDIT`, `KETERANGAN`, `CURRENCY`, `CER`, `CDATE`, `CUID`, `MDATE`, `MUID`, `STATUS`) VALUES
(1, '1', 'AR/120923/0008', '11100', 0, 20000, '', 'IDR', 1, '2012-09-23', '0001', '0000-00-00', '', 'A'),
(2, '1', 'AR/120923/0008', '43200', 20000, 0, '', 'IDR', 1, '2012-09-23', '0001', '0000-00-00', '', 'A');

-- --------------------------------------------------------

--
-- Table structure for table `detail_request_order`
--

CREATE TABLE IF NOT EXISTS `detail_request_order` (
  `id_detail_ro` int(3) NOT NULL AUTO_INCREMENT,
  `id_request` varchar(15) NOT NULL,
  `id_barang` int(3) NOT NULL,
  `qty` int(11) NOT NULL,
  PRIMARY KEY (`id_detail_ro`)
) ENGINE=MyISAM  DEFAULT CHARSET=latin1 AUTO_INCREMENT=21 ;

--
-- Dumping data for table `detail_request_order`
--

INSERT INTO `detail_request_order` (`id_detail_ro`, `id_request`, `id_barang`, `qty`) VALUES
(1, '20111229110531', 32, 1),
(2, '20111229110531', 40, 4),
(6, '20111229110858', 45, 2),
(5, '20111229110858', 46, 2),
(7, '20111229110858', 52, 10),
(8, '20120125123737', 45, 5),
(9, '20120125131402', 0, 100),
(10, '20120207120854', 46, 2),
(11, '20120207120854', 47, 1),
(12, '20120211142947', 46, 1),
(13, '20120211142947', 54, 1),
(14, '20120212211454', 53, 1),
(15, '20120212211454', 54, 1),
(16, '20120212211454', 59, 1),
(17, '20120221162722', 46, 1),
(18, '20120221162722', 48, 100),
(19, '20140414173320', 53, 1),
(20, '20140414173320', 62, 2);

-- --------------------------------------------------------

--
-- Table structure for table `golongan`
--

CREATE TABLE IF NOT EXISTS `golongan` (
  `id_golongan` int(3) NOT NULL AUTO_INCREMENT,
  `golongan` varchar(30) NOT NULL,
  `userid` int(3) NOT NULL,
  PRIMARY KEY (`id_golongan`)
) ENGINE=MyISAM  DEFAULT CHARSET=latin1 AUTO_INCREMENT=26 ;

--
-- Dumping data for table `golongan`
--

INSERT INTO `golongan` (`id_golongan`, `golongan`, `userid`) VALUES
(1, 'CASING', 3),
(2, 'TALI HP', 3),
(3, 'GANTUNGAN HP', 3),
(4, 'WELLCOMM', 3),
(5, 'BESTINDO', 3),
(6, 'NOKIA', 3),
(7, 'SAMSUNG', 3),
(8, 'SONY', 3),
(9, 'MOTOROLLA', 3),
(10, 'BLACKBERRY', 3),
(11, 'CSL BLUEBERRY', 3),
(12, 'TAXCO', 3),
(13, 'NEXCOM', 3),
(14, 'MITO', 3),
(15, 'CROSS', 3),
(16, 'SIMPATI', 3),
(17, 'XL', 3),
(18, 'INDOSAT', 3),
(19, 'AXIS', 3),
(20, 'THREE', 3),
(21, 'V-GEN', 3),
(22, 'TOSHIBA', 3),
(23, 'SMART', 3),
(24, 'LL', 3),
(25, 'blueberry', 11);

-- --------------------------------------------------------

--
-- Table structure for table `internal_memo`
--

CREATE TABLE IF NOT EXISTS `internal_memo` (
  `id_internal_memo` int(11) NOT NULL AUTO_INCREMENT,
  `tanggal` datetime NOT NULL,
  `memo` longtext NOT NULL,
  `userid` int(11) NOT NULL,
  PRIMARY KEY (`id_internal_memo`)
) ENGINE=MyISAM  DEFAULT CHARSET=latin1 AUTO_INCREMENT=3 ;

--
-- Dumping data for table `internal_memo`
--

INSERT INTO `internal_memo` (`id_internal_memo`, `tanggal`, `memo`, `userid`) VALUES
(1, '2012-11-19 00:00:00', '<p>""Memo : hari Jumat tidak libu2r""</p>', 1),
(2, '2014-01-30 00:00:00', '<p>"</p>\r\n<p>memo baru</p>\r\n<p>"</p>', 1);

-- --------------------------------------------------------

--
-- Table structure for table `jenis`
--

CREATE TABLE IF NOT EXISTS `jenis` (
  `id_jenis` int(3) NOT NULL AUTO_INCREMENT,
  `jenis` varchar(30) NOT NULL,
  `userid` int(3) NOT NULL,
  PRIMARY KEY (`id_jenis`)
) ENGINE=MyISAM  DEFAULT CHARSET=latin1 AUTO_INCREMENT=3 ;

--
-- Dumping data for table `jenis`
--

INSERT INTO `jenis` (`id_jenis`, `jenis`, `userid`) VALUES
(1, 'Fisik', 1),
(2, 'Elektrik', 1);

-- --------------------------------------------------------

--
-- Table structure for table `jenis_layanan`
--

CREATE TABLE IF NOT EXISTS `jenis_layanan` (
  `id_jlayanan` int(3) NOT NULL AUTO_INCREMENT,
  `jenis_layanan` varchar(30) NOT NULL,
  PRIMARY KEY (`id_jlayanan`)
) ENGINE=MyISAM  DEFAULT CHARSET=latin1 AUTO_INCREMENT=6 ;

--
-- Dumping data for table `jenis_layanan`
--

INSERT INTO `jenis_layanan` (`id_jlayanan`, `jenis_layanan`) VALUES
(1, 'layanan_jasa_kredit'),
(2, 'layanan_jasa_listrik'),
(3, 'layanan_jasa_pdam'),
(4, 'layanan_jasa_telepon'),
(5, 'layanan_jasa_speedy');

-- --------------------------------------------------------

--
-- Table structure for table `jenis_penjualan`
--

CREATE TABLE IF NOT EXISTS `jenis_penjualan` (
  `id_jpenjualan` int(3) NOT NULL AUTO_INCREMENT,
  `jenis_penjualan` varchar(30) NOT NULL,
  PRIMARY KEY (`id_jpenjualan`)
) ENGINE=MyISAM  DEFAULT CHARSET=latin1 AUTO_INCREMENT=4 ;

--
-- Dumping data for table `jenis_penjualan`
--

INSERT INTO `jenis_penjualan` (`id_jpenjualan`, `jenis_penjualan`) VALUES
(1, 'Cabang'),
(2, 'Toko'),
(3, 'Partai');

-- --------------------------------------------------------

--
-- Table structure for table `jurnal`
--

CREATE TABLE IF NOT EXISTS `jurnal` (
  `ID` int(11) NOT NULL AUTO_INCREMENT,
  `KOUNIT` varchar(8) NOT NULL DEFAULT '',
  `PARTNERID` varchar(32) DEFAULT NULL,
  `PO_NO` varchar(30) NOT NULL,
  `GLID` varchar(75) NOT NULL DEFAULT '',
  `GLID_ANGSURAN` varchar(25) NOT NULL,
  `GLID_PARENT` varchar(25) NOT NULL,
  `TANGGAL` date NOT NULL DEFAULT '0000-00-00',
  `KETERANGAN` varchar(250) NOT NULL DEFAULT '',
  `GROUP_JURNAL` int(11) NOT NULL DEFAULT '1',
  `KAS_AWAL` int(3) NOT NULL,
  `CDATE` date NOT NULL DEFAULT '0000-00-00',
  `CUID` varchar(32) NOT NULL DEFAULT '',
  `MDATE` date NOT NULL DEFAULT '0000-00-00',
  `MUID` varchar(32) NOT NULL DEFAULT '',
  `STATUS` char(1) NOT NULL DEFAULT 'A',
  PRIMARY KEY (`ID`)
) ENGINE=MyISAM  DEFAULT CHARSET=utf8 AUTO_INCREMENT=30 ;

--
-- Dumping data for table `jurnal`
--

INSERT INTO `jurnal` (`ID`, `KOUNIT`, `PARTNERID`, `PO_NO`, `GLID`, `GLID_ANGSURAN`, `GLID_PARENT`, `TANGGAL`, `KETERANGAN`, `GROUP_JURNAL`, `KAS_AWAL`, `CDATE`, `CUID`, `MDATE`, `MUID`, `STATUS`) VALUES
(1, '', NULL, '', 'AR/120625/0001', '', '', '2012-01-01', '', 1, 1, '2012-06-25', '0016', '0000-00-00', '', 'A'),
(2, '1', '1', 'PO-001001625062012000002', 'AR/120724/0002', '', '', '2012-06-25', '', 1, 0, '2012-07-24', '0001', '0000-00-00', '', 'A'),
(3, '1', '3', 'PO-001001625062012000003', 'AR/120724/0003', '', '', '2012-06-25', '', 1, 0, '2012-07-24', '0001', '0000-00-00', '', 'A'),
(4, '1', '4', 'SO-0010016120625000001', 'AR/120724/0004', '', '', '2012-06-25', '', 1, 0, '2012-07-24', '0001', '0000-00-00', '', 'A'),
(5, '1', '1', 'SO-0010016120625000003', 'AR/120724/0005', '', '', '2012-06-25', '', 1, 0, '2012-07-24', '0001', '0000-00-00', '', 'A'),
(6, '1', '1', 'PO-001001630072012000001', 'AR/120730/0006', '', '', '2012-07-30', '', 1, 0, '2012-07-30', '0016', '0000-00-00', '', 'A'),
(7, '1', '1', 'PO-001001630072012000001', 'HTG/120730/0003', 'HTG/120730/00002', '', '2012-07-30', '', 1, 0, '2012-07-30', '0016', '0000-00-00', '', 'A'),
(8, '1', NULL, '', 'AR/120923/0008', '', 'AR/120724/0002', '2012-09-23', '', 1, 0, '2012-09-23', '0001', '0000-00-00', '', 'A'),
(11, '0', NULL, '', 'HTG/121226/00004', '', '', '2012-12-26', 'Saldo Hutang', 1, 0, '2012-12-26', '0001', '0000-00-00', '', 'A'),
(10, 'P0010', NULL, '', 'HTG/121226/00004', '', '', '2012-12-26', 'Saldo Hutang', 1, 0, '2012-12-26', '0001', '0000-00-00', '', 'A'),
(12, 'P0011', NULL, '', 'HTG/121226/00004', '', '', '2012-12-26', 'Saldo Hutang', 1, 0, '2012-12-26', '0001', '0000-00-00', '', 'A'),
(13, '1', '1', 'PO-001001625062012000001', 'HTG/121228/0004', 'HTG/120625/00001', '', '2012-07-24', '', 1, 0, '2012-12-28', '0001', '0000-00-00', '', 'A'),
(14, '1', '1', 'PO-001000117122012000002', 'HTG/130102/0005', 'HTG/121217/00003', '', '2012-12-28', '', 1, 0, '2013-01-02', '0001', '0000-00-00', '', 'A'),
(15, '1', '11', 'PO-001000102012013000001', 'HTG/130105/0008', 'HTG/130102/00004', '', '2013-01-02', '', 1, 0, '2013-01-05', '0001', '0000-00-00', '', 'A'),
(16, '1', '11', 'PO-001000104012013000001', 'HTG/130105/0009', 'HTG/130104/00005', '', '2013-01-04', '', 1, 0, '2013-01-05', '0001', '0000-00-00', '', 'A'),
(17, '1', '11', 'PO-001000105012013000002', 'HTG/130105/0008', 'HTG/130105/00007', '', '2013-01-05', '', 1, 0, '2013-01-05', '0001', '0000-00-00', '', 'A'),
(18, '1', '11', 'PO-001000104012013000001', 'HTG/130105/0008', 'HTG/130104/00005', '', '2013-01-05', '', 1, 0, '2013-01-05', '0001', '0000-00-00', '', 'A'),
(19, '1', '1', 'SO-0010001121217000002', 'PTG/130106/0005', 'PTG/121217/0002', '', '2013-01-06', '', 1, 0, '2013-01-06', '0001', '0000-00-00', '', 'A'),
(20, '1', '3', 'SO-0010001130106000003', 'PTG/130106/0006', 'PTG/130106/0003', '', '2013-01-06', '', 1, 0, '2013-01-06', '0001', '0000-00-00', '', 'A'),
(21, '1', '3', 'SO-0010001130106000003', 'PTG/130106/0005', 'PTG/130106/0003', '', '2013-01-06', '', 1, 0, '2013-01-06', '0001', '0000-00-00', '', 'A'),
(22, '1', '3', 'SO-0010001130106000003', 'PTG/130110/0012', 'PTG/130106/0003', '', '2013-01-10', '', 1, 0, '2013-01-10', '0001', '0000-00-00', '', 'A'),
(23, '1', '4', 'SO-0010001130106000004', 'PTG/130110/0012', 'PTG/130106/0004', '', '2013-01-06', '', 1, 0, '2013-01-10', '0001', '0000-00-00', '', 'A'),
(24, '0', NULL, '', 'HTG/130822/00009', '', '', '2013-08-22', 'Saldo Hutang', 1, 0, '2013-08-22', '0001', '0000-00-00', '', 'A'),
(25, '0', NULL, '', 'HTG/130822/00009', '', '', '2013-08-22', 'Saldo Hutang', 1, 0, '2013-08-22', '0001', '0000-00-00', '', 'A'),
(26, '0', NULL, '', 'HTG/130822/00009', '', '', '2013-08-22', 'Saldo Hutang', 1, 0, '2013-08-22', '0001', '0000-00-00', '', 'A'),
(27, '0', NULL, '', 'HTG/140414/00009', '', '', '2014-04-14', 'Saldo Hutang', 1, 0, '2014-04-14', '0001', '0000-00-00', '', 'A'),
(28, '', NULL, '', 'AR/140415/0028', '', 'MKK/140415/0001', '2014-04-15', '', 1, 0, '2014-04-15', '0001', '0000-00-00', '', 'A'),
(29, '', NULL, '', 'AR/140415/0029', '', 'MKK/140415/0002', '2014-04-15', '', 1, 0, '2014-04-15', '0001', '0000-00-00', '', 'A');

-- --------------------------------------------------------

--
-- Table structure for table `kabupaten`
--

CREATE TABLE IF NOT EXISTS `kabupaten` (
  `id_kabupaten` int(3) NOT NULL AUTO_INCREMENT,
  `kabupaten` varchar(50) NOT NULL,
  `userid` int(3) NOT NULL,
  PRIMARY KEY (`id_kabupaten`)
) ENGINE=MyISAM  DEFAULT CHARSET=latin1 AUTO_INCREMENT=9 ;

--
-- Dumping data for table `kabupaten`
--

INSERT INTO `kabupaten` (`id_kabupaten`, `kabupaten`, `userid`) VALUES
(2, 'Banyuwangi', 11),
(5, 'Jember', 22),
(6, 'Situbondo', 22),
(7, 'Bondowoso', 22),
(8, 'Trenggalek', 11);

-- --------------------------------------------------------

--
-- Table structure for table `karyawan`
--

CREATE TABLE IF NOT EXISTS `karyawan` (
  `id_karyawan` int(11) NOT NULL AUTO_INCREMENT,
  `userid` varchar(15) NOT NULL,
  `id_cabang` int(3) NOT NULL,
  `kode_karyawan` varchar(20) NOT NULL,
  `nama` varchar(50) NOT NULL,
  `alamat` varchar(50) NOT NULL,
  `jenis_pengenal` varchar(50) NOT NULL,
  `no_pengenal` varchar(50) NOT NULL,
  `point` int(8) NOT NULL DEFAULT '0',
  `status` varchar(30) DEFAULT NULL,
  `telp1` varchar(15) NOT NULL,
  `telp2` varchar(15) NOT NULL,
  `telp3` varchar(15) NOT NULL,
  `telp4` varchar(15) NOT NULL,
  `telp5` varchar(15) NOT NULL,
  PRIMARY KEY (`id_karyawan`)
) ENGINE=MyISAM  DEFAULT CHARSET=latin1 AUTO_INCREMENT=8 ;

--
-- Dumping data for table `karyawan`
--

INSERT INTO `karyawan` (`id_karyawan`, `userid`, `id_cabang`, `kode_karyawan`, `nama`, `alamat`, `jenis_pengenal`, `no_pengenal`, `point`, `status`, `telp1`, `telp2`, `telp3`, `telp4`, `telp5`) VALUES
(1, '0001', 1, 'SG-0030111221', 'administrator', 'admin', 'KTP (Kartu Tanda Penduduk)', '123', 517, 'Masih Bekerja', '', '', '', '', ''),
(2, '0002', 2, 'SG-0002130106', 'Winarti', 'Jl. Pameungpeuk 32', 'KTP (Kartu Tanda Penduduk)', '887177328718', 80, 'Masih Bekerja', '+628132143589', '', '', '', ''),
(3, '0003', 2, 'SG-0003130111', 'Dawn', 'Cigondewah', 'Pasport', '23202918191', 50, 'Masih Bekerja', '0948938921', '', '', '', ''),
(4, '0004', 11, 'SG-0004130114', 'Shinta', 'jl. Pahlawan 56', 'KTP (Kartu Tanda Penduduk)', '52517681781911', 80, 'Masih Bekerja', '+873926292', '', '', '', ''),
(5, '0005', 2, 'SG-0005130302', 'dewi', 'Banyuwangi 3', 'KTP (Kartu Tanda Penduduk)', '088882313117091992', 31, 'Masih Bekerja', '+628148018282', '', '', '', ''),
(6, '0006', 1, 'SG-0006130822', 'srie', '', 'KTP (Kartu Tanda Penduduk)', '1', 0, 'Masih Bekerja', '', '', '', '', ''),
(7, '0007', 1, 'SG-0007130826', 'granta', 'antapani', 'KTP (Kartu Tanda Penduduk)', '007', 0, 'Masih Bekerja', '0808008080808', '', '', '', '');

-- --------------------------------------------------------

--
-- Table structure for table `kategori`
--

CREATE TABLE IF NOT EXISTS `kategori` (
  `id_kategori` int(3) NOT NULL AUTO_INCREMENT,
  `kategori` varchar(30) NOT NULL,
  `akunid_pendapatan` varchar(6) NOT NULL,
  `akunid_biaya` varchar(6) NOT NULL,
  `akunid_diskon_biaya` varchar(6) NOT NULL,
  `akunid_diskon_pendapatan` varchar(7) NOT NULL,
  `userid` int(3) NOT NULL,
  PRIMARY KEY (`id_kategori`)
) ENGINE=MyISAM  DEFAULT CHARSET=latin1 AUTO_INCREMENT=16 ;

--
-- Dumping data for table `kategori`
--

INSERT INTO `kategori` (`id_kategori`, `kategori`, `akunid_pendapatan`, `akunid_biaya`, `akunid_diskon_biaya`, `akunid_diskon_pendapatan`, `userid`) VALUES
(1, 'ACCESSORIES', '43200', '53200', '54200', '44200', 3),
(2, 'LEATHER CASE', '43200', '53200', '54200', '44200', 3),
(3, 'HP GSM', '43100', '53100', '54100', '44100', 3),
(4, 'HP GSM2', '43100', '53100', '54100', '44100', 3),
(5, 'HP GSM3', '43100', '53100', '54100', '44100', 3),
(6, 'HP CDMA', '43100', '53100', '54100', '44100', 3),
(7, 'HP GSM-CDMA', '43100', '53100', '54100', '44100', 3),
(8, 'TRAVEL CHARGER', '43200', '53200', '54200', '44200', 3),
(9, 'VOCER', '43300', '53300', '54300', '44300', 3),
(10, 'PERDANA', '43300', '53300', '54300', '44300', 3),
(11, 'HANDSFREE', '43200', '53200', '54200', '44200', 3),
(12, 'BATERAI', '43200', '53200', '54200', '44200', 3),
(13, 'PLUG-IN', '43200', '53200', '54200', '44200', 3),
(14, 'Lain-lain', '43400', '53400', '54400', '44400', 3);

-- --------------------------------------------------------

--
-- Table structure for table `kecamatan`
--

CREATE TABLE IF NOT EXISTS `kecamatan` (
  `id_kecamatan` int(3) NOT NULL AUTO_INCREMENT,
  `id_kabupaten` int(3) NOT NULL,
  `kecamatan` varchar(50) NOT NULL,
  `userid` int(3) NOT NULL,
  PRIMARY KEY (`id_kecamatan`)
) ENGINE=MyISAM  DEFAULT CHARSET=latin1 AUTO_INCREMENT=120 ;

--
-- Dumping data for table `kecamatan`
--

INSERT INTO `kecamatan` (`id_kecamatan`, `id_kabupaten`, `kecamatan`, `userid`) VALUES
(1, 2, 'Gambiran', 22),
(2, 2, 'Cluring', 22),
(3, 2, 'Banyuwangi', 22),
(4, 2, 'Bangorejo', 22),
(9, 2, 'Genteng', 22),
(11, 2, 'Giri', 22),
(13, 2, 'Glagah', 22),
(14, 2, 'Kalibaru', 22),
(15, 2, 'Muncar', 22),
(16, 2, 'Pesanggaran', 22),
(17, 2, 'Purwoharjo', 22),
(18, 5, 'Ajung', 22),
(19, 5, 'Ambulu', 22),
(20, 5, 'Arjasa', 22),
(21, 2, 'Balung', 22),
(22, 2, 'Gumukmas', 22),
(24, 5, 'Jombang', 22);

-- --------------------------------------------------------

--
-- Table structure for table `layanan_jasa`
--

CREATE TABLE IF NOT EXISTS `layanan_jasa` (
  `id_layanan_jasa` int(3) NOT NULL AUTO_INCREMENT,
  `userid` int(3) NOT NULL,
  `periode_start` date NOT NULL,
  `periode_end` date NOT NULL,
  `tanggal` date NOT NULL,
  `no_pelanggan` varchar(30) NOT NULL,
  `jenis_layanan` int(2) NOT NULL,
  `nama` varchar(30) NOT NULL,
  `alamat` varchar(50) NOT NULL,
  `tagihan` int(10) NOT NULL,
  `biaya_admin` int(10) NOT NULL,
  `total_bayar` int(10) NOT NULL,
  `id_coa` int(3) NOT NULL,
  `status` varchar(20) DEFAULT NULL,
  PRIMARY KEY (`id_layanan_jasa`)
) ENGINE=MyISAM  DEFAULT CHARSET=latin1 AUTO_INCREMENT=11 ;

--
-- Dumping data for table `layanan_jasa`
--

INSERT INTO `layanan_jasa` (`id_layanan_jasa`, `userid`, `periode_start`, `periode_end`, `tanggal`, `no_pelanggan`, `jenis_layanan`, `nama`, `alamat`, `tagihan`, `biaya_admin`, `total_bayar`, `id_coa`, `status`) VALUES
(1, 16, '2011-12-01', '2011-12-31', '2011-12-30', '010101010', 1, 'Saweri', 'Banyuwangi', 1000000, 25000, 1025000, 0, '0'),
(2, 3, '2011-12-30', '2012-01-29', '2011-12-30', '101001010100', 1, 'iqbal', 'jl cigadung selatan no 8', 500000, 50000, 550000, 0, 'Sudah Bayar'),
(3, 3, '2011-11-01', '2011-12-01', '2011-12-30', '10198391893147817', 4, 'yanto', 'Jl. Jawa 24 a Jember', 75000, 5000, 80000, 0, 'Sudah Bayar'),
(4, 3, '2011-06-02', '2011-07-01', '2011-12-30', '1000909099099', 3, 'Nurfitriah', 'Jl. PB Sudirman 127 Banyuwangi', 35000, 5000, 40000, 0, 'Sudah Bayar'),
(5, 3, '2011-05-05', '2011-06-03', '2011-12-30', '1000909099099I', 5, 'Dilla', 'Jl. Brawijaya 57 Muncar banyuwangi', 88000, 5000, 93000, 0, 'Sudah Bayar'),
(6, 3, '2011-02-03', '2011-03-02', '2011-12-30', '129109309093019', 2, 'Andri', 'Jl Buah Batu', 125000, 5000, 130000, 0, 'Sudah Bayar'),
(7, 7, '2012-01-01', '2012-01-31', '2012-01-04', '0214502031', 4, 'Raja Amanjaya', 'Boulevard', 270000, 3000, 273000, 0, 'Sudah Bayar'),
(8, 11, '2012-01-01', '2012-02-01', '2012-01-25', '201011', 2, 'surya phone', 'bwi', 100000, 5000, 105000, 0, 'Belum Bayar'),
(9, 11, '2012-01-01', '2012-01-01', '2012-01-25', '01111', 2, 'dee', 'bwi', 100000, 0, 100000, 0, 'Sudah Bayar'),
(10, 16, '2012-07-30', '2012-07-31', '2012-07-30', '08123123', 1, 'niken', 'cibuntu selatan', 50000, 1500, 51500, 0, '0');

-- --------------------------------------------------------

--
-- Table structure for table `master_akun`
--

CREATE TABLE IF NOT EXISTS `master_akun` (
  `KOUNIT` varchar(8) NOT NULL DEFAULT '',
  `AKUNID` varchar(11) NOT NULL DEFAULT '',
  `NAKUN` varchar(50) NOT NULL DEFAULT '',
  `TIPE` char(1) NOT NULL DEFAULT '',
  `LEVEL` int(1) NOT NULL DEFAULT '0',
  `CURRENCY` char(3) NOT NULL DEFAULT '0',
  `CDATE` date NOT NULL DEFAULT '0000-00-00',
  `CUID` varchar(32) NOT NULL DEFAULT '',
  `MDATE` date NOT NULL DEFAULT '0000-00-00',
  `MUID` varchar(32) NOT NULL DEFAULT '',
  `STATUS` char(1) NOT NULL DEFAULT 'A',
  PRIMARY KEY (`AKUNID`,`KOUNIT`)
) ENGINE=MyISAM DEFAULT CHARSET=utf8;

--
-- Dumping data for table `master_akun`
--

INSERT INTO `master_akun` (`KOUNIT`, `AKUNID`, `NAKUN`, `TIPE`, `LEVEL`, `CURRENCY`, `CDATE`, `CUID`, `MDATE`, `MUID`, `STATUS`) VALUES
('07000000', '10000', 'Aktiva', 'H', 1, '0', '0000-00-00', '0', '2002-03-11', '', 'A'),
('07000000', '20000', 'KEWAJIBAN', 'H', 1, '0', '0000-00-00', '', '0000-00-00', '', 'A'),
('07000000', '30000', 'MODAL', 'H', 1, '0', '0000-00-00', '', '2001-10-06', '', 'A'),
('07000000', '40000', 'PENDAPATAN', 'H', 1, '0', '0000-00-00', '', '2001-10-08', '', 'A'),
('07000000', '50000', 'BIAYA', 'H', 1, 'PND', '0000-00-00', '', '2002-03-05', '', 'A'),
('07000000', '11000', 'Aktiva Lancar', 'H', 2, '0', '2001-09-01', '', '2002-04-03', '', 'A'),
('07000000', '12000', 'Aktiva Tetap', 'H', 2, '0', '2001-09-01', '', '2002-03-05', '', 'A'),
('07000000', '13000', 'AKTIVA LAIN-LAIN', 'H', 2, '0', '2001-09-01', '', '2001-09-01', '', 'A'),
('07000000', '21000', 'KEWAJIBAN LANCAR', 'H', 2, '0', '2001-09-01', '', '2001-09-01', '', 'A'),
('07000000', '22000', 'KEWAJIBAN JANGKA PANJANG', 'H', 2, '0', '2001-09-01', '', '2001-09-01', '', 'A'),
('07000000', '23000', 'KEWAJIBAN LAIN-LAIN', 'H', 2, '0', '2001-09-01', '', '2001-09-01', '', 'A'),
('07000000', '31000', 'Modal Dasar', 'D', 2, '0', '2001-09-01', '', '2001-10-06', '', 'A'),
('07000000', '32000', 'Laba Ditahan', 'D', 2, '0', '2001-09-01', '', '2001-09-01', '', 'A'),
('07000000', '39000', 'Saldo Penyeimbang', 'D', 2, '0', '2001-09-01', '', '2001-09-01', '', 'A'),
('07000000', '11100', 'Kas', 'H', 3, '0', '2001-09-01', '', '2002-03-05', '', 'A'),
('07000000', '11110', 'Kas Kecil', 'C', 4, '0', '2001-09-01', '', '2002-03-05', '', 'A'),
('07000000', '11120', 'Kas di Tangan', 'C', 4, '0', '2001-09-01', '', '2002-03-05', '', 'A'),
('07000000', '11200', 'Bank', 'H', 3, '0', '2001-09-01', '', '2002-03-11', '', 'A'),
('07000000', '11210', 'Bank BCA', 'C', 4, '0', '2001-09-01', '', '2002-03-11', '', 'A'),
('07000000', '11220', 'Bank BNI', 'C', 4, '0', '2001-09-01', '', '2002-03-05', '', 'A'),
('07000000', '11230', 'Bank BRI PST', 'C', 4, '0', '2001-09-01', '', '2002-03-05', '', 'A'),
('07000000', '11300', 'Piutang Dagang', 'D', 3, '0', '2001-09-01', '', '2002-03-07', '', 'A'),
('07000000', '11400', 'Uang dibayar di muka', 'D', 3, '0', '2001-09-01', '', '2002-03-11', '', 'A'),
('07000000', '11500', 'Persediaan', 'H', 3, '0', '2001-09-01', '', '2002-03-05', '', 'A'),
('07000000', '11510', 'Bahan Habis Pakai', 'D', 4, '0', '2001-09-01', '', '2002-03-05', '', 'A'),
('07000000', '12100', 'Tanah', 'H', 3, '0', '2001-09-01', '', '2001-09-01', '', 'A'),
('07000000', '12200', 'Bangunan', 'H', 3, '0', '2001-09-01', '', '2001-09-01', '', 'A'),
('07000000', '12300', 'Kendaraan', 'H', 3, '0', '2001-09-01', '', '2001-09-01', '', 'A'),
('07000000', '12400', 'Peralatan Kantor', 'H', 3, '0', '2001-09-01', '', '2001-09-01', '', 'A'),
('07000000', '35300', 'PMP Belanja Pemeliharaan', 'H', 3, '0', '2001-10-06', '', '2001-10-06', '', 'A'),
('07000000', '21100', 'Hutang Gaji', 'D', 3, '0', '2001-09-01', '', '2001-09-01', '', 'A'),
('07000000', '21200', 'Hutang Dagang', 'D', 3, '0', '2001-09-01', '', '2001-09-01', '', 'A'),
('07000000', '21300', 'Pendapatan Diterima Dimuka', 'D', 3, '0', '2001-09-01', '', '2001-09-01', '', 'A'),
('07000000', '42100', 'Pendapatan Bonus', 'D', 2, '0', '2001-09-01', '', '2001-10-08', '', 'A'),
('07000000', '42200', 'Pendapatan Bunga Bank', 'D', 2, '0', '2001-09-01', '', '2001-10-08', '', 'A'),
('07000000', '22100', 'Hutang Bank', 'H', 3, '0', '2001-09-01', '', '2001-09-01', '', 'A'),
('07000000', '21400', 'Hutang PPN', 'H', 3, '0', '2001-09-01', '', '2001-09-01', '', 'A'),
('07000000', '35200', 'PMP Belanja Barang', 'H', 3, '0', '2001-10-06', '', '2001-10-06', '', 'A'),
('07000000', '35100', 'PMP Belanja Pegawai', 'H', 3, '0', '2001-10-06', '', '2001-10-06', '', 'A'),
('07000000', '35000', 'Penyertaan Modal Pemerintah', 'H', 2, '0', '2001-10-06', '', '2001-10-06', '', 'A'),
('07000000', '51000', 'Biaya Operasional', 'H', 2, '0', '2001-09-01', '', '2001-09-01', '', 'A'),
('07000000', '51100', 'Gaji Karyawan', 'D', 3, '0', '2001-09-01', '', '2001-09-01', '', 'A'),
('07000000', '51200', 'Gaji Pegawai Lepas', 'D', 3, '0', '2001-09-01', '', '2001-09-01', '', 'A'),
('07000000', '51300', 'Kesejahteraan Karyawan', 'D', 3, '0', '2001-09-01', '', '2001-09-01', '', 'A'),
('07000000', '51400', 'Biaya Air', 'D', 3, '0', '2001-09-01', '', '2001-09-01', '', 'A'),
('07000000', '51500', 'Biaya Listrik', 'D', 3, '0', '2001-09-01', '', '2001-09-01', '', 'A'),
('07000000', '51600', 'Biaya Telepon', 'D', 3, '0', '2001-09-01', '', '2001-09-01', '', 'A'),
('07000000', '51700', 'Pemakaian Bahan Habis Pakai', 'D', 3, '0', '2001-09-01', '', '2001-09-01', '', 'A'),
('07000000', '51800', 'Biaya Transportasi', 'D', 3, '0', '2001-09-01', '', '2001-09-01', '', 'A'),
('07000000', '52000', 'Biaya Non-Operasional', 'H', 2, '0', '2001-09-01', '', '2001-09-01', '', 'A'),
('07000000', '52100', 'Penyusutan Bangunan', 'D', 3, '0', '2001-09-01', '', '2001-09-01', '', 'A'),
('07000000', '52200', 'Penyusutan Kendaraan', 'D', 3, '0', '2001-09-01', '', '2001-09-01', '', 'A'),
('07000000', '52300', 'Penyusutan Peralatan Kantor', 'D', 3, '0', '2001-09-01', '', '2001-09-01', '', 'A'),
('07000000', '52400', 'Bunga Pinjaman Bank', 'D', 3, '0', '2001-09-01', '', '2001-09-01', '', 'A'),
('07000000', '15000', 'KPKN', 'H', 2, '0', '2001-10-06', '', '2002-03-05', '', 'A'),
('07000000', '15100', 'Belanja Pegawai', 'H', 3, '0', '2001-10-06', '', '2002-03-05', '', 'A'),
('07000000', '15200', 'Belanja Barang', 'H', 3, '0', '2001-10-06', '', '2002-03-05', '', 'A'),
('07000000', '15300', 'Belanja Pemeliharaan', 'H', 3, '0', '2001-10-06', '', '2001-10-06', '', 'A'),
('07000000', '15400', 'Belanja Perjalanan', 'H', 3, '0', '2001-10-06', '', '2001-10-10', '', 'A'),
('07000000', '15110', 'Gaji & Tunjangan', 'C', 4, '0', '2001-10-06', '', '2002-03-05', '', 'A'),
('07000000', '15120', 'Tunjangan Beras', 'C', 4, '0', '2001-10-06', '', '2002-03-05', '', 'A'),
('07000000', '15150', 'Lembur', 'C', 4, '0', '2001-10-06', '', '2002-03-05', '', 'A'),
('07000000', '15210', 'Keperluan Perkantoran', 'C', 4, '0', '2001-10-06', '', '2002-03-05', '', 'A'),
('07000000', '15220', 'Pengadaan (Inventaris)', 'C', 4, '0', '2001-10-06', '', '2001-10-06', '', 'A'),
('07000000', '15230', 'Daya dan Jasa', 'C', 4, '0', '2001-10-06', '', '2002-02-27', '', 'A'),
('07000000', '15250', 'Bel. Barang Lainnya', 'C', 4, '0', '2001-10-06', '', '2001-10-06', '', 'A'),
('07000000', '15310', 'Pemelliharaan Gedung Kantor', 'C', 4, '0', '2001-10-06', '', '2001-10-06', '', 'A'),
('07000000', '15320', 'Pemeliharaan Rumah Dinas', 'C', 4, '0', '2001-10-06', '', '2001-10-06', '', 'A'),
('07000000', '15330', 'Pemeliharaan Kendaraan Dinas', 'C', 4, '0', '2001-10-06', '', '2001-10-06', '', 'A'),
('07000000', '15350', 'Pemeliharaan Lainnya', 'C', 4, '0', '2001-10-06', '', '2001-10-06', '', 'A'),
('07000000', '15410', 'Perjalanan Dinas', 'C', 4, '0', '2001-10-06', '', '2001-10-10', '', 'A'),
('07000000', '12900', 'Akumulasi Aktiva Tetap', 'D', 3, '0', '2001-10-06', '', '2002-03-05', '', 'A'),
('07000000', '35400', 'PMP Belanja Perjalanan', 'H', 3, '0', '2001-10-06', '', '2001-10-06', '', 'A'),
('07000000', '35110', 'Gaji dan Tunjangan', 'C', 4, '0', '2001-10-06', '', '2001-10-06', '', 'A'),
('07000000', '35120', 'Tunjangan Beras', 'C', 4, '0', '2001-10-06', '', '2001-10-06', '', 'A'),
('07000000', '35150', 'Lembur', 'C', 4, '0', '2001-10-06', '', '2001-10-06', '', 'A'),
('07000000', '35210', 'Keperluan Perkantoran', 'C', 4, '0', '2001-10-06', '', '2001-10-06', '', 'A'),
('07000000', '35220', 'Pengadaan (Inventaris)', 'C', 4, '0', '2001-10-06', '', '2001-10-06', '', 'A'),
('07000000', '35230', 'Daya dan Jasa', 'C', 4, '0', '2001-10-06', '', '2001-10-06', '', 'A'),
('07000000', '35250', 'Bel. Barang Lainnya', 'C', 4, '0', '2001-10-06', '', '2001-10-06', '', 'A'),
('07000000', '35310', 'Pemeliharaan Gedung Kantor', 'C', 4, '0', '2001-10-06', '', '2001-10-06', '', 'A'),
('07000000', '35320', 'Pemeliharaan Rumah Dinas', 'C', 4, '0', '2001-10-06', '', '2001-10-06', '', 'A'),
('07000000', '35330', 'Pemeliharaan Kendaraan Dinas', 'C', 4, '0', '2001-10-06', '', '2001-10-06', '', 'A'),
('07000000', '35350', 'Pemeliharaan Lainnya', 'C', 4, '0', '2001-10-06', '', '2001-10-06', '', 'A'),
('07000000', '35410', 'Perjalanan Dinas', 'C', 4, '0', '2001-10-06', '', '2001-10-06', '', 'A'),
('07000000', '55000', 'Belanja', 'H', 2, 'PND', '2001-10-06', '', '2002-03-05', '', 'A'),
('07000000', '55100', 'Belanja Pegawai', 'H', 3, 'PND', '2001-10-06', '', '2002-03-05', '', 'A'),
('07000000', '55200', 'Belanja Barang', 'H', 3, '0', '2001-10-06', '', '2001-10-10', '', 'A'),
('07000000', '55300', 'Belanja Pemeliharaan', 'H', 3, '0', '2001-10-06', '', '2001-10-10', '', 'A'),
('07000000', '55400', 'Belanja Perjalanan', 'H', 3, 'USD', '2001-10-06', '', '2002-02-25', '', 'A'),
('07000000', '55111', 'Gaji dan Tunjangan (GU)', 'C', 4, '0', '2001-10-06', '', '2001-10-08', '', 'A'),
('07000000', '55112', 'Gaji dan Tunjangan (LS)', 'C', 4, '0', '2001-10-06', '', '2001-10-06', '', 'A'),
('07000000', '55121', 'Tunjangan Beras (GU)', 'C', 4, '0', '2001-10-06', '', '2001-10-09', '', 'A'),
('07000000', '55122', 'Tunjangan Beras (LS)', 'C', 4, '0', '2001-10-06', '', '2001-10-06', '', 'A'),
('07000000', '55151', 'Lembur (GU)', 'C', 4, '', '2001-10-06', '0', '2001-10-06', '', 'A'),
('07000000', '55152', 'Lembur (LS)', 'C', 4, '', '2001-10-06', '0', '2001-10-06', '', 'A'),
('07000000', '12500', 'Peralatan Siaran', 'H', 3, '', '2001-10-08', '0', '2001-10-08', '', 'A'),
('07000000', '55211', 'Keperluan Perkantoran (GU)', 'C', 4, '0', '2001-10-10', '', '2001-10-10', '', 'A'),
('07000000', '55212', 'Keperluan Perkantoran (LS)', 'C', 4, '0', '2001-10-10', '', '2001-10-10', '', 'A'),
('07000000', '55221', 'Pengadaan Inventaris (GU)', 'C', 4, '0', '2001-10-10', '', '2001-10-10', '', 'A'),
('07000000', '55222', 'Pengadaan Inventaris (LS)', 'C', 4, '0', '2001-10-10', '', '2001-10-10', '', 'A'),
('07000000', '55231', 'Daya dan Jasa (GU)', 'C', 4, '0', '2001-10-10', '', '2001-10-10', '', 'A'),
('07000000', '55232', 'Daya dan Jasa (LS)', 'C', 4, '0', '2001-10-10', '', '2001-10-10', '', 'A'),
('07000000', '55251', 'Belanja Barang Lainnya (GU)', 'C', 4, '0', '2001-10-10', '', '2001-10-10', '', 'A'),
('07000000', '55252', 'Belanja Barang Lainnya (LS)', 'C', 4, '0', '2001-10-10', '', '2001-10-10', '', 'A'),
('07000000', '55311', 'Pemeliharaan Gedung Kantor (GU)', 'C', 4, '0', '2001-10-10', '', '2001-10-10', '', 'A'),
('07000000', '55312', 'Pemeliharaan Gedung Kantor (LS)', 'C', 4, '0', '2001-10-10', '', '2001-10-10', '', 'A'),
('07000000', '55321', 'Pemeliharaan Rumah Dinas (GU)', 'C', 4, '0', '2001-10-10', '', '2001-10-10', '', 'A'),
('07000000', '55322', 'Pemeliharaan Rumah Dinas (LS)', 'C', 4, '0', '2001-10-10', '', '2001-10-10', '', 'A'),
('07000000', '55331', 'Pemeliharaan Kendaraan Dinas (GU)', 'C', 4, '0', '2001-10-10', '', '2001-10-10', '', 'A'),
('07000000', '55332', 'Pemeliharaan Kendaraan Dinas (LS)', 'C', 4, '0', '2001-10-10', '', '2001-10-10', '', 'A'),
('07000000', '55351', 'Belanja Pemeliharaan Lainnya (GU)', 'C', 4, '0', '2001-10-10', '', '2001-10-10', '', 'A'),
('07000000', '55352', 'Belanja Pemeliharaan Lainnya (LS)', 'C', 4, '', '2001-10-10', '', '2001-10-10', '', 'A'),
('07000000', '55411', 'Perjalanan Dinas (GU)', 'C', 4, '0', '2001-10-10', '', '2001-10-10', '', 'A'),
('07000000', '55412', 'Perjalanan Dinas (LS)', 'C', 4, '0', '2001-10-10', '', '2001-10-10', '', 'A'),
('07000000', '55110', 'tes', 'D', 4, 'USD', '2002-02-25', '', '2002-02-25', '', 'A'),
('07000000', '55114', 'TP', 'D', 4, 'PND', '2002-02-20', '', '2002-02-25', '', 'A'),
('07000000', '55155', 'TEP', 'C', 4, '0', '2002-02-25', '', '2002-02-25', '', 'A'),
('07000000', '55116', 'TEN', 'D', 4, 'USD', '2002-02-25', '', '2002-02-26', '', 'A'),
('07000000', '55117', 'TEN', 'C', 4, 'USD', '2002-02-25', '', '2002-03-05', '', 'A'),
('07000000', '55118', 'TEW', 'D', 4, 'USD', '2002-02-25', '', '2002-02-25', '', 'A'),
('07000000', '55119', 'Bonus', 'D', 4, 'EUR', '2002-02-25', '', '2002-03-05', '', 'A'),
('07000000', '55120', 'Bonus', 'D', 4, 'EUR', '2002-02-25', '', '2002-02-25', '', 'A'),
('07000000', '55123', 'Bonus', 'D', 4, 'EUR', '2002-02-25', '', '2002-02-25', '', 'A'),
('07000000', '55125', 'Rapel', 'D', 4, 'EUR', '2002-02-25', '', '2002-02-27', '', 'A'),
('07000000', '55129', 'Beli ATK', 'C', 4, 'EUR', '2002-02-25', '', '2002-02-25', '', 'A'),
('07000000', '55128', 'Beli Kertas', 'C', 4, 'EUR', '2002-02-25', '', '2002-02-25', '', 'A'),
('07000000', '55132', 'TPP', 'C', 4, '0', '2002-02-26', '', '2002-02-26', '', 'A'),
('07000000', '55139', 'SPJ', 'D', 4, 'PND', '2002-02-27', '', '2002-02-27', '', 'A'),
('07000000', '55136', 'Service', 'D', 4, 'EUR', '2002-02-27', '', '2002-02-27', '', 'A'),
('01000000', '10000', 'Aktiva', 'H', 1, '0', '0000-00-00', '0', '2002-03-11', '', 'A'),
('01000000', '20000', 'KEWAJIBAN', 'H', 1, '0', '0000-00-00', '', '0000-00-00', '', 'A'),
('01000000', '30000', 'MODAL', 'H', 1, '0', '0000-00-00', '', '2001-10-06', '', 'A'),
('01000000', '40000', 'PENDAPATAN', 'H', 1, '0', '0000-00-00', '', '2001-10-08', '', 'A'),
('01000000', '50000', 'BIAYA', 'H', 1, 'PND', '0000-00-00', '', '2002-03-05', '', 'A'),
('01000000', '11000', 'Aktiva Lancar', 'H', 2, '0', '2001-09-01', '', '2002-04-03', '', 'A'),
('01000000', '12000', 'Aktiva Tetap', 'H', 2, '0', '2001-09-01', '', '2002-03-05', '', 'A'),
('01000000', '13000', 'AKTIVA LAIN-LAIN', 'H', 2, '0', '2001-09-01', '', '2001-09-01', '', 'A'),
('01000000', '21000', 'KEWAJIBAN LANCAR', 'H', 2, '0', '2001-09-01', '', '2001-09-01', '', 'A'),
('01000000', '22000', 'KEWAJIBAN JANGKA PANJANG', 'H', 2, '0', '2001-09-01', '', '2001-09-01', '', 'A'),
('01000000', '23000', 'KEWAJIBAN LAIN-LAIN', 'H', 2, '0', '2001-09-01', '', '2001-09-01', '', 'A'),
('01000000', '31000', 'Modal Dasar', 'D', 2, '0', '2001-09-01', '', '2001-10-06', '', 'A'),
('01000000', '32000', 'Laba Ditahan', 'D', 2, '0', '2001-09-01', '', '2002-05-15', 'pena', 'A'),
('01000000', '39000', 'Saldo Penyeimbang', 'D', 2, '0', '2001-09-01', '', '2001-09-01', '', 'A'),
('01000000', '11100', 'Kas', 'H', 3, '0', '2001-09-01', '', '2002-03-05', '', 'A'),
('01000000', '11110', 'Kas Kecil', 'C', 4, '0', '2001-09-01', '', '2002-03-05', '', 'A'),
('01000000', '11120', 'Kas di Tangan', 'C', 4, '0', '2001-09-01', '', '2002-03-05', '', 'A'),
('01000000', '11200', 'Bank', 'H', 3, '0', '2001-09-01', '', '2002-03-11', '', 'A'),
('01000000', '11210', 'Bank BCA', 'C', 4, '0', '2001-09-01', '', '2002-03-11', '', 'A'),
('01000000', '11220', 'Bank BNI', 'C', 4, '0', '2001-09-01', '', '2002-03-05', '', 'A'),
('01000000', '11230', 'Bank BRI PST', 'C', 4, '0', '2001-09-01', '', '2002-03-05', '', 'A'),
('01000000', '11300', 'Piutang Dagang', 'D', 3, '0', '2001-09-01', '', '2002-03-07', '', 'A'),
('01000000', '11400', 'Uang dibayar di muka', 'D', 3, '0', '2001-09-01', '', '2002-03-11', '', 'A'),
('01000000', '11500', 'Persediaan', 'H', 3, '0', '2001-09-01', '', '2002-03-05', '', 'A'),
('01000000', '11510', 'Bahan Habis Pakai', 'D', 4, '0', '2001-09-01', '', '2002-03-05', '', 'A'),
('01000000', '12100', 'Tanah', 'H', 3, '0', '2001-09-01', '', '2001-09-01', '', 'A'),
('01000000', '12200', 'Bangunan', 'H', 3, '0', '2001-09-01', '', '2001-09-01', '', 'A'),
('01000000', '12300', 'Kendaraan', 'H', 3, '0', '2001-09-01', '', '2001-09-01', '', 'A'),
('01000000', '12400', 'Peralatan Kantor', 'H', 3, '0', '2001-09-01', '', '2001-09-01', '', 'A'),
('01000000', '35300', 'PMP Belanja Pemeliharaan', 'H', 3, '0', '2001-10-06', '', '2001-10-06', '', 'A'),
('01000000', '21100', 'Hutang Gaji', 'D', 3, '0', '2001-09-01', '', '2001-09-01', '', 'A'),
('01000000', '21200', 'Hutang Dagang', 'D', 3, '0', '2001-09-01', '', '2001-09-01', '', 'A'),
('01000000', '21300', 'Pendapatan Diterima Dimuka', 'D', 3, '0', '2001-09-01', '', '2001-09-01', '', 'A'),
('01000000', '42100', 'Pendapatan Bonus', 'D', 2, '0', '2001-09-01', '', '2001-10-08', '', 'A'),
('01000000', '42200', 'Pendapatan Bunga Bank', 'D', 2, '0', '2001-09-01', '', '2001-10-08', '', 'A'),
('01000000', '22100', 'Hutang Bank', 'H', 3, '0', '2001-09-01', '', '2001-09-01', '', 'A'),
('01000000', '21400', 'Hutang PPN', 'H', 3, '0', '2001-09-01', '', '2001-09-01', '', 'A'),
('01000000', '35200', 'PMP Belanja Barang', 'H', 3, '0', '2001-10-06', '', '2001-10-06', '', 'A'),
('01000000', '35100', 'PMP Belanja Pegawai', 'H', 3, '0', '2001-10-06', '', '2001-10-06', '', 'A'),
('01000000', '35000', 'Penyertaan Modal Pemerintah', 'H', 2, '0', '2001-10-06', '', '2001-10-06', '', 'A'),
('01000000', '51000', 'Biaya Operasional', 'H', 2, '0', '2001-09-01', '', '2001-09-01', '', 'A'),
('01000000', '51100', 'Gaji Karyawan', 'D', 3, '0', '2001-09-01', '', '2001-09-01', '', 'A'),
('01000000', '51200', 'Gaji Pegawai Lepas', 'D', 3, '0', '2001-09-01', '', '2001-09-01', '', 'A'),
('01000000', '51300', 'Kesejahteraan Karyawan', 'D', 3, '0', '2001-09-01', '', '2001-09-01', '', 'A'),
('01000000', '51400', 'Biaya Air', 'D', 3, '0', '2001-09-01', '', '2001-09-01', '', 'A'),
('01000000', '51500', 'Biaya Listrik', 'D', 3, '0', '2001-09-01', '', '2001-09-01', '', 'A'),
('01000000', '51600', 'Biaya Telepon', 'D', 3, '0', '2001-09-01', '', '2001-09-01', '', 'A'),
('01000000', '51700', 'Pemakaian Bahan Habis Pakai', 'D', 3, '0', '2001-09-01', '', '2001-09-01', '', 'A'),
('01000000', '51800', 'Biaya Transportasi', 'D', 3, '0', '2001-09-01', '', '2001-09-01', '', 'A'),
('01000000', '52000', 'Biaya Non-Operasional', 'H', 2, '0', '2001-09-01', '', '2001-09-01', '', 'A'),
('01000000', '52100', 'Penyusutan Bangunan', 'D', 3, '0', '2001-09-01', '', '2001-09-01', '', 'A'),
('01000000', '52200', 'Penyusutan Kendaraan', 'D', 3, '0', '2001-09-01', '', '2001-09-01', '', 'A'),
('01000000', '52300', 'Penyusutan Peralatan Kantor', 'D', 3, '0', '2001-09-01', '', '2001-09-01', '', 'A'),
('01000000', '52400', 'Bunga Pinjaman Bank', 'D', 3, '0', '2001-09-01', '', '2001-09-01', '', 'A'),
('01000000', '15000', 'KPKN', 'H', 2, '0', '2001-10-06', '', '2002-03-05', '', 'A'),
('01000000', '15100', 'Belanja Pegawai', 'H', 3, '0', '2001-10-06', '', '2002-03-05', '', 'A'),
('01000000', '15200', 'Belanja Barang', 'H', 3, '0', '2001-10-06', '', '2002-03-05', '', 'A'),
('01000000', '15300', 'Belanja Pemeliharaan', 'H', 3, '0', '2001-10-06', '', '2001-10-06', '', 'A'),
('01000000', '15400', 'Belanja Perjalanan', 'H', 3, '0', '2001-10-06', '', '2001-10-10', '', 'A'),
('01000000', '15110', 'Gaji & Tunjangan', 'C', 4, '0', '2001-10-06', '', '2002-03-05', '', 'A'),
('01000000', '15120', 'Tunjangan Beras', 'C', 4, '0', '2001-10-06', '', '2002-03-05', '', 'A'),
('01000000', '15150', 'Lembur', 'C', 4, '0', '2001-10-06', '', '2002-03-05', '', 'A'),
('01000000', '15210', 'Keperluan Perkantoran', 'C', 4, '0', '2001-10-06', '', '2002-03-05', '', 'A'),
('01000000', '15220', 'Pengadaan (Inventaris)', 'C', 4, '0', '2001-10-06', '', '2001-10-06', '', 'A'),
('01000000', '15230', 'Daya dan Jasa', 'C', 4, '0', '2001-10-06', '', '2002-02-27', '', 'A'),
('01000000', '15250', 'Bel. Barang Lainnya', 'C', 4, '0', '2001-10-06', '', '2001-10-06', '', 'A'),
('01000000', '15310', 'Pemelliharaan Gedung Kantor', 'C', 4, '0', '2001-10-06', '', '2001-10-06', '', 'A'),
('01000000', '15320', 'Pemeliharaan Rumah Dinas', 'C', 4, '0', '2001-10-06', '', '2001-10-06', '', 'A'),
('01000000', '15330', 'Pemeliharaan Kendaraan Dinas', 'C', 4, '0', '2001-10-06', '', '2001-10-06', '', 'A'),
('01000000', '15350', 'Pemeliharaan Lainnya', 'C', 4, '0', '2001-10-06', '', '2001-10-06', '', 'A'),
('01000000', '15410', 'Perjalanan Dinas', 'C', 4, '0', '2001-10-06', '', '2001-10-10', '', 'A'),
('01000000', '12900', 'Akumulasi Aktiva Tetap', 'D', 3, '0', '2001-10-06', '', '2002-03-05', '', 'A'),
('01000000', '35400', 'PMP Belanja Perjalanan', 'H', 3, '0', '2001-10-06', '', '2001-10-06', '', 'A'),
('01000000', '35110', 'Gaji dan Tunjangan', 'C', 4, '0', '2001-10-06', '', '2001-10-06', '', 'A'),
('01000000', '35120', 'Tunjangan Beras', 'C', 4, '0', '2001-10-06', '', '2001-10-06', '', 'A'),
('01000000', '35150', 'Lembur', 'C', 4, '0', '2001-10-06', '', '2001-10-06', '', 'A'),
('01000000', '35210', 'Keperluan Perkantoran', 'C', 4, '0', '2001-10-06', '', '2001-10-06', '', 'A'),
('01000000', '35220', 'Pengadaan (Inventaris)', 'C', 4, '0', '2001-10-06', '', '2001-10-06', '', 'A'),
('01000000', '35230', 'Daya dan Jasa', 'C', 4, '0', '2001-10-06', '', '2001-10-06', '', 'A'),
('01000000', '35250', 'Bel. Barang Lainnya', 'C', 4, '0', '2001-10-06', '', '2001-10-06', '', 'A'),
('01000000', '35310', 'Pemeliharaan Gedung Kantor', 'C', 4, '0', '2001-10-06', '', '2001-10-06', '', 'A'),
('01000000', '35320', 'Pemeliharaan Rumah Dinas', 'C', 4, '0', '2001-10-06', '', '2001-10-06', '', 'A'),
('01000000', '35330', 'Pemeliharaan Kendaraan Dinas', 'C', 4, '0', '2001-10-06', '', '2001-10-06', '', 'A'),
('01000000', '35350', 'Pemeliharaan Lainnya', 'C', 4, '0', '2001-10-06', '', '2001-10-06', '', 'A'),
('01000000', '35410', 'Perjalanan Dinas', 'C', 4, '0', '2001-10-06', '', '2001-10-06', '', 'A'),
('01000000', '55000', 'Belanja', 'H', 2, 'PND', '2001-10-06', '', '2002-03-05', '', 'A'),
('01000000', '55100', 'Belanja Pegawai', 'H', 3, 'PND', '2001-10-06', '', '2002-03-05', '', 'A'),
('01000000', '55200', 'Belanja Barang', 'H', 3, '0', '2001-10-06', '', '2001-10-10', '', 'A'),
('01000000', '55300', 'Belanja Pemeliharaan', 'H', 3, '0', '2001-10-06', '', '2001-10-10', '', 'A'),
('01000000', '55400', 'Belanja Perjalanan', 'H', 3, 'USD', '2001-10-06', '', '2002-02-25', '', 'A'),
('01000000', '55111', 'Gaji dan Tunjangan (GU)', 'C', 4, '0', '2001-10-06', '', '2001-10-08', '', 'A'),
('01000000', '55112', 'Gaji dan Tunjangan (LS)', 'C', 4, '0', '2001-10-06', '', '2001-10-06', '', 'A'),
('01000000', '55121', 'Tunjangan Beras (GU)', 'C', 4, '0', '2001-10-06', '', '2001-10-09', '', 'A'),
('01000000', '55122', 'Tunjangan Beras (LS)', 'C', 4, '0', '2001-10-06', '', '2001-10-06', '', 'A'),
('01000000', '55151', 'Lembur (GU)', 'C', 4, '', '2001-10-06', '0', '2001-10-06', '', 'A'),
('01000000', '55152', 'Lembur (LS)', 'C', 4, '', '2001-10-06', '0', '2001-10-06', '', 'A'),
('01000000', '12500', 'Peralatan Siaran', 'H', 3, '', '2001-10-08', '0', '2001-10-08', '', 'A'),
('01000000', '55211', 'Keperluan Perkantoran (GU)', 'C', 4, '0', '2001-10-10', '', '2001-10-10', '', 'A'),
('01000000', '55212', 'Keperluan Perkantoran (LS)', 'C', 4, '0', '2001-10-10', '', '2001-10-10', '', 'A'),
('01000000', '55221', 'Pengadaan Inventaris (GU)', 'C', 4, '0', '2001-10-10', '', '2001-10-10', '', 'A'),
('01000000', '55222', 'Pengadaan Inventaris (LS)', 'C', 4, '0', '2001-10-10', '', '2001-10-10', '', 'A'),
('01000000', '55231', 'Daya dan Jasa (GU)', 'C', 4, '0', '2001-10-10', '', '2001-10-10', '', 'A'),
('01000000', '55232', 'Daya dan Jasa (LS)', 'C', 4, '0', '2001-10-10', '', '2001-10-10', '', 'A'),
('01000000', '55251', 'Belanja Barang Lainnya (GU)', 'C', 4, '0', '2001-10-10', '', '2001-10-10', '', 'A'),
('01000000', '55252', 'Belanja Barang Lainnya (LS)', 'C', 4, '0', '2001-10-10', '', '2001-10-10', '', 'A'),
('01000000', '55311', 'Pemeliharaan Gedung Kantor (GU)', 'C', 4, '0', '2001-10-10', '', '2001-10-10', '', 'A'),
('01000000', '55312', 'Pemeliharaan Gedung Kantor (LS)', 'C', 4, '0', '2001-10-10', '', '2001-10-10', '', 'A'),
('01000000', '55321', 'Pemeliharaan Rumah Dinas (GU)', 'C', 4, '0', '2001-10-10', '', '2001-10-10', '', 'A'),
('01000000', '55322', 'Pemeliharaan Rumah Dinas (LS)', 'C', 4, '0', '2001-10-10', '', '2001-10-10', '', 'A'),
('01000000', '55331', 'Pemeliharaan Kendaraan Dinas (GU)', 'C', 4, '0', '2001-10-10', '', '2001-10-10', '', 'A'),
('01000000', '55332', 'Pemeliharaan Kendaraan Dinas (LS)', 'C', 4, '0', '2001-10-10', '', '2001-10-10', '', 'A'),
('01000000', '55351', 'Belanja Pemeliharaan Lainnya (GU)', 'C', 4, '0', '2001-10-10', '', '2001-10-10', '', 'A'),
('01000000', '55352', 'Belanja Pemeliharaan Lainnya (LS)', 'C', 4, '', '2001-10-10', '', '2001-10-10', '', 'A'),
('01000000', '55411', 'Perjalanan Dinas (GU)', 'C', 4, '0', '2001-10-10', '', '2001-10-10', '', 'A'),
('01000000', '55412', 'Perjalanan Dinas (LS)', 'C', 4, '0', '2001-10-10', '', '2001-10-10', '', 'A'),
('01000000', '55110', 'tes', 'D', 4, 'USD', '2002-02-25', '', '2002-02-25', '', 'A'),
('01000000', '55114', 'TP', 'D', 4, 'PND', '2002-02-20', '', '2002-02-25', '', 'A'),
('01000000', '55155', 'TEP', 'C', 4, '0', '2002-02-25', '', '2002-02-25', '', 'A'),
('01000000', '55116', 'TEN', 'D', 4, 'USD', '2002-02-25', '', '2002-02-26', '', 'A'),
('01000000', '55117', 'TEN', 'C', 4, 'USD', '2002-02-25', '', '2002-03-05', '', 'A'),
('01000000', '55118', 'TEW', 'D', 4, 'USD', '2002-02-25', '', '2002-02-25', '', 'A'),
('01000000', '55119', 'Bonus', 'D', 4, 'EUR', '2002-02-25', '', '2002-03-05', '', 'A'),
('01000000', '55120', 'Bonus', 'D', 4, 'EUR', '2002-02-25', '', '2002-02-25', '', 'A'),
('01000000', '55123', 'Bonus', 'D', 4, 'EUR', '2002-02-25', '', '2002-02-25', '', 'A'),
('01000000', '55125', 'Rapel', 'D', 4, 'EUR', '2002-02-25', '', '2002-02-27', '', 'A'),
('01000000', '55129', 'Beli ATK', 'C', 4, 'EUR', '2002-02-25', '', '2002-02-25', '', 'A'),
('01000000', '55128', 'Beli Kertas', 'C', 4, 'EUR', '2002-02-25', '', '2002-02-25', '', 'A'),
('01000000', '55132', 'TPP', 'C', 4, '0', '2002-02-26', '', '2002-02-26', '', 'A'),
('01000000', '55139', 'SPJ', 'D', 4, 'PND', '2002-02-27', '', '2002-02-27', '', 'A'),
('01000000', '55136', 'Service', 'D', 4, 'EUR', '2002-02-27', '', '2002-02-27', '', 'A'),
('07000000', '43100', 'HP', 'H', 0, '0', '2012-04-03', '', '0000-00-00', '', 'A'),
('07000000', '43200', 'Accecoris', 'H', 1, '0', '2012-04-03', '', '0000-00-00', '', 'A'),
('07000000', '43300', 'Perdana', 'H', 1, '0', '2012-04-03', '', '0000-00-00', '', 'A'),
('07000000', '42300', 'Sumbangan Atau Penemuan', '', 0, '0', '0000-00-00', '', '0000-00-00', '', 'A'),
('07000000', '42210', 'Bunga Bank BCA', '', 0, '0', '0000-00-00', '', '0000-00-00', '', 'A'),
('07000000', '42111', 'Bonus Project Penjualan Hp', '', 0, '0', '0000-00-00', '', '0000-00-00', '', 'A'),
('07000000', '53200', 'Accecoris', '', 0, '0', '2012-05-30', '', '0000-00-00', '', 'A'),
('07000000', '53100', 'HP', '', 0, '0', '2012-05-30', '', '0000-00-00', '', 'A'),
('07000000', '53300', 'Perdana', '', 0, '0', '2012-05-30', '', '0000-00-00', '', 'A'),
('07000000', '43400', 'Lain Lain', '', 0, '0', '2012-05-30', '', '0000-00-00', '', 'A'),
('07000000', '54200', 'Diskon Accecoris', '', 0, '0', '2012-05-31', '', '0000-00-00', '', 'A'),
('07000000', '54100', 'Diskon Hp', '', 0, '0', '2012-05-31', '', '0000-00-00', '', 'A'),
('07000000', '54300', 'Diskon Perdana', '', 0, '0', '2012-05-31', '', '0000-00-00', '', 'A'),
('07000000', '54400', 'Diskon Lain Lain', '', 0, '0', '2012-05-31', '', '0000-00-00', '', 'A'),
('07000000', '44100', 'Diskon HP', '', 0, '0', '2012-05-31', '', '0000-00-00', '', 'A'),
('07000000', '44200', 'Diskon Accecoris', '', 0, '0', '2012-05-31', '', '0000-00-00', '', 'A'),
('07000000', '44300', 'Diskon Perdana', '', 0, '0', '2012-05-31', '', '0000-00-00', '', 'A'),
('07000000', '44400', 'Diskon Lain Lain', '', 0, '0', '2012-05-31', '', '0000-00-00', '', 'A'),
('07000000', '56000', 'Hpp', '', 0, '0', '0000-00-00', '', '0000-00-00', '', 'A'),
('07000000', '44500', 'Pendapatan Saldo Hutang', 'H', 0, '0', '0000-00-00', '', '0000-00-00', '', 'A');

-- --------------------------------------------------------

--
-- Table structure for table `master_partner`
--

CREATE TABLE IF NOT EXISTS `master_partner` (
  `KOUNIT` varchar(8) NOT NULL DEFAULT '',
  `VENDID` varchar(32) NOT NULL DEFAULT '',
  `TYPE` varchar(32) NOT NULL DEFAULT '',
  `NAME` varchar(128) NOT NULL DEFAULT '',
  `ADDRES` varchar(128) NOT NULL DEFAULT '',
  `CITY` varchar(28) DEFAULT NULL,
  `STATE` varchar(32) DEFAULT NULL,
  `POSTCODE` varchar(8) NOT NULL DEFAULT '',
  `PHONE1` varchar(16) DEFAULT NULL,
  `PHONE2` varchar(16) NOT NULL DEFAULT '',
  `FAX` varchar(16) DEFAULT NULL,
  `EMAIL` varchar(32) DEFAULT NULL,
  `NOTES` text,
  `AP` double NOT NULL DEFAULT '0',
  `CURRENCY` char(3) NOT NULL DEFAULT '',
  `PLAFOND` double DEFAULT NULL,
  `PRICE` varchar(32) NOT NULL DEFAULT '',
  `CDATE` date NOT NULL DEFAULT '0000-00-00',
  `CUID` varchar(32) NOT NULL DEFAULT '',
  `MDATE` date NOT NULL DEFAULT '0000-00-00',
  `MUID` varchar(32) NOT NULL DEFAULT '',
  `STATUS` char(1) NOT NULL DEFAULT 'A'
) ENGINE=MyISAM DEFAULT CHARSET=utf8;

--
-- Dumping data for table `master_partner`
--

INSERT INTO `master_partner` (`KOUNIT`, `VENDID`, `TYPE`, `NAME`, `ADDRES`, `CITY`, `STATE`, `POSTCODE`, `PHONE1`, `PHONE2`, `FAX`, `EMAIL`, `NOTES`, `AP`, `CURRENCY`, `PLAFOND`, `PRICE`, `CDATE`, `CUID`, `MDATE`, `MUID`, `STATUS`) VALUES
('01000000', '1', 'Company', 'cni viva', 'dago', 'bandung', '-', '45666', '66233456', '', '6623456', '-', 'oke', 0, 'IDR', 10000000, '10000000', '2002-03-11', 'f63b012b90a047133e1dfa9180643ec7', '2002-04-03', 'c2297797499ab47db7bd73f98313caf6', 'A'),
('01000000', '2', 'Company', 'PT. Vendor Pratama', 'Jl. pendor 5 No. 8', 'Bandung', 'Bandung', '46574', '0227564756728364', '0226576842342342', '0227584758456456', 'vendor1@vendor.com', 'vendor utama', 13000000, 'IDR', 1000000, '2000000', '2005-05-03', 'b6dd9daef589c3ff5d42e761cb39b829', '2005-05-03', 'b6dd9daef589c3ff5d42e761cb39b829', 'A'),
('01000000', '3', 'Company', 'PT Supplier Keren', 'Jl. Supplier No. 789', 'Bandung', 'Indonesia', '45643', '0227584756', '0227453312', '0227564756', 'supp@supp.com', 'catatan tentang supplier', 34545454545, 'IDR', 5000, '5000000', '2005-06-15', 'b6dd9daef589c3ff5d42e761cb39b829', '2005-06-15', 'b6dd9daef589c3ff5d42e761cb39b829', 'A'),
('01000000', '4', 'Personal', 'Arif Muhammad Rizal', 'Jl. Buahbatu', 'Bandung', 'Indonesia', '54636', '0227584756', '0228567465', '0227564857', 'kdjfkd@jkfdjfk.com', 'catatan kdjfkdjfk', 74837438, 'IDR', 874897347, '48737437', '2005-06-15', 'b6dd9daef589c3ff5d42e761cb39b829', '2005-06-15', 'b6dd9daef589c3ff5d42e761cb39b829', 'A'),
('01000000', '5', 'Company', 'PT. Candradimuka', 'Jl. Candradimuka', 'Jakarta', 'Indonesia', '64546', '0227564756', '0226453647', '0224546356', 'djkfdk@kjfkdjk.com', 'catatan juga', 7878789, 'IDR', 78797798, '78798', '2005-06-15', 'b6dd9daef589c3ff5d42e761cb39b829', '2005-06-15', 'b6dd9daef589c3ff5d42e761cb39b829', 'A'),
('01000000', '6', 'Company', 'PT. Gajah Mada', 'Jl. Gajah Mada No 89', 'Surabaya', 'Indonesia', '34352', '0227564536', '0453645366', '0225475635', 'jfkdjk@kjfkd.com', 'catatan dkjfkdjkf', 78798798, 'IDR', 768767868, '67687687', '2005-06-15', 'b6dd9daef589c3ff5d42e761cb39b829', '2005-06-15', 'b6dd9daef589c3ff5d42e761cb39b829', 'A');

-- --------------------------------------------------------

--
-- Table structure for table `master_pulsa`
--

CREATE TABLE IF NOT EXISTS `master_pulsa` (
  `id_pulsa` int(3) NOT NULL AUTO_INCREMENT,
  `kode_pulsa` varchar(6) NOT NULL,
  `nama_pulsa` varchar(100) NOT NULL,
  `id_jenis` int(3) NOT NULL,
  `id_kategori` int(3) NOT NULL,
  `id_golongan` int(3) NOT NULL,
  `id_satuan` int(3) NOT NULL,
  `id_saldo` int(3) NOT NULL,
  `saldo` int(11) NOT NULL,
  `hpp` int(8) NOT NULL,
  `harga_toko` int(8) NOT NULL,
  `harga_partai` int(8) NOT NULL,
  `harga_cabang` int(8) NOT NULL,
  `point_karyawan` int(8) NOT NULL,
  `point_member` int(8) NOT NULL,
  `is_hargatoko` tinyint(4) NOT NULL,
  `is_hargapartai` tinyint(4) NOT NULL,
  `is_hargajual` tinyint(4) NOT NULL,
  `userid` int(3) NOT NULL,
  PRIMARY KEY (`id_pulsa`)
) ENGINE=MyISAM  DEFAULT CHARSET=latin1 AUTO_INCREMENT=8 ;

--
-- Dumping data for table `master_pulsa`
--

INSERT INTO `master_pulsa` (`id_pulsa`, `kode_pulsa`, `nama_pulsa`, `id_jenis`, `id_kategori`, `id_golongan`, `id_satuan`, `id_saldo`, `saldo`, `hpp`, `harga_toko`, `harga_partai`, `harga_cabang`, `point_karyawan`, `point_member`, `is_hargatoko`, `is_hargapartai`, `is_hargajual`, `userid`) VALUES
(1, 'VR25S', 'Voucher SIMPATI 25000S', 1, 9, 16, 1, 1, 0, 25000, 25000, 25000, 25000, 1, 10, 0, 0, 0, 1),
(2, 'VR50S', 'Voucher SIMPATI 50000S', 1, 9, 16, 1, 1, 0, 50000, 51000, 49500, 51000, 100, 100, 1, 1, 1, 1),
(3, 'VR100S', 'Voucher SIMPATI 100000S', 1, 9, 16, 2, 3, 0, 98000, 99000, 97500, 100000, 100, 10, 0, 0, 0, 1),
(4, 'XL100S', 'Voucher XL', 1, 9, 1, 1, 1, 0, 100000, 0, 0, 0, 0, 0, 1, 1, 1, 1),
(7, 'AX100S', 'Axis 100rb', 2, 9, 19, 1, 1, 0, 100000, 98000, 9750, 98500, 10, 10, 1, 1, 1, 1);

-- --------------------------------------------------------

--
-- Table structure for table `master_saldo_elektrik`
--

CREATE TABLE IF NOT EXISTS `master_saldo_elektrik` (
  `id_saldo` int(3) NOT NULL AUTO_INCREMENT,
  `nama_mastersaldo` varchar(100) NOT NULL,
  `saldo` int(11) NOT NULL,
  `userid` int(11) NOT NULL,
  PRIMARY KEY (`id_saldo`)
) ENGINE=MyISAM  DEFAULT CHARSET=latin1 AUTO_INCREMENT=5 ;

--
-- Dumping data for table `master_saldo_elektrik`
--

INSERT INTO `master_saldo_elektrik` (`id_saldo`, `nama_mastersaldo`, `saldo`, `userid`) VALUES
(1, 'Dompet Pulsa', 1815001, 0),
(2, 'All Operator', 1000000, 0),
(3, 'Duta Cell', 967800, 0),
(4, 'dokum', 300000, 1);

-- --------------------------------------------------------

--
-- Table structure for table `memo`
--

CREATE TABLE IF NOT EXISTS `memo` (
  `id_memo` int(3) NOT NULL AUTO_INCREMENT,
  `memo` varchar(100) NOT NULL,
  `userid` int(3) NOT NULL,
  PRIMARY KEY (`id_memo`)
) ENGINE=MyISAM DEFAULT CHARSET=latin1 AUTO_INCREMENT=1 ;

-- --------------------------------------------------------

--
-- Table structure for table `mutasi_kas`
--

CREATE TABLE IF NOT EXISTS `mutasi_kas` (
  `id` int(11) NOT NULL AUTO_INCREMENT,
  `glid` varchar(20) NOT NULL,
  `ket_transaksi` longtext NOT NULL,
  `jumlah` bigint(20) NOT NULL,
  `cuid` int(11) NOT NULL,
  `cdate` date NOT NULL,
  `tanggal` date NOT NULL,
  `status_posting` int(11) NOT NULL,
  PRIMARY KEY (`id`)
) ENGINE=MyISAM  DEFAULT CHARSET=latin1 AUTO_INCREMENT=3 ;

--
-- Dumping data for table `mutasi_kas`
--

INSERT INTO `mutasi_kas` (`id`, `glid`, `ket_transaksi`, `jumlah`, `cuid`, `cdate`, `tanggal`, `status_posting`) VALUES
(1, 'MKK/140415/0001', '', 150000, 1, '2014-04-15', '2014-04-15', 0),
(2, 'MKK/140415/0002', '', 1000, 1, '2014-04-15', '2014-04-15', 0);

-- --------------------------------------------------------

--
-- Table structure for table `pelanggan`
--

CREATE TABLE IF NOT EXISTS `pelanggan` (
  `id_pelanggan` int(3) NOT NULL AUTO_INCREMENT,
  `kode_pelanggan` varchar(10) NOT NULL,
  `nama` varchar(50) NOT NULL,
  `alamat` varchar(100) NOT NULL,
  `tgl_lahir` date NOT NULL,
  `agama` varchar(30) NOT NULL,
  `pekerjaan` varchar(30) NOT NULL,
  `jenis_pengenal` varchar(20) NOT NULL,
  `no_pengenal` varchar(30) NOT NULL,
  `tel` varchar(20) NOT NULL,
  `max_piutang` int(8) NOT NULL,
  `saldo_piutang` int(8) NOT NULL,
  `id_area` int(3) NOT NULL,
  `id_cabang` int(3) NOT NULL,
  `point` int(8) NOT NULL,
  `expired` date NOT NULL,
  `tanggal_piutang` date NOT NULL,
  `userid` int(3) NOT NULL,
  PRIMARY KEY (`id_pelanggan`)
) ENGINE=MyISAM  DEFAULT CHARSET=latin1 AUTO_INCREMENT=7 ;

--
-- Dumping data for table `pelanggan`
--

INSERT INTO `pelanggan` (`id_pelanggan`, `kode_pelanggan`, `nama`, `alamat`, `tgl_lahir`, `agama`, `pekerjaan`, `jenis_pengenal`, `no_pengenal`, `tel`, `max_piutang`, `saldo_piutang`, `id_area`, `id_cabang`, `point`, `expired`, `tanggal_piutang`, `userid`) VALUES
(1, 'S0001', 'Nicky Sonia', 'Margahayu', '2012-08-30', 'Islam', 'Akuntan', 'KTP (Kartu Tanda Pen', '0230139191231', '+6285750808088', 5000000, 4000000, 25, 0, 6093, '2013-04-17', '2013-01-01', 1),
(2, 'S0002', 'Dawnsan', 'Cigondewah Rahayu', '1992-07-11', 'Islam', 'Supervisor', 'KTP (Kartu Tanda Pen', '089123111991', '+628986171648', 8000, 7000, 27, 0, 70, '2013-06-06', '2013-01-02', 1),
(3, 'S0003', 'Anggi Pertiwi', 'Kiara Condong', '1995-01-05', 'islam', 'kasir Depan', 'KTP (Kartu Tanda Pen', '0891233469108', '+6285778888', 20000, 19000, 22, 0, 81, '2013-05-02', '2013-01-01', 1),
(4, 'S0004', 'Rere', 'Saradan', '2013-05-10', 'Islam', 'Terjemah Sastra', 'KTP (Kartu Tanda Pen', '0830929212', '+62878778888', 500000, 35000, 22, 0, -64, '2013-08-01', '2013-01-02', 1),
(5, 'S0005', 'Wildan', 'Cimahi', '2013-10-11', 'Islam', 'Teknisi', 'KTP (Kartu Tanda Pen', '03273209238792', '+6281312408', 100000, 90000, 22, 0, 20, '2013-03-21', '2013-01-03', 1),
(6, 'S0006', 'Annisa', 'Cimahi', '1991-07-19', 'Islam', 'Pelajar', 'KTP (Kartu Tanda Pen', '23202918191', '+6287373737', 9000000, 10000000, 22, 0, 1136, '2013-08-01', '2013-01-12', 1);

-- --------------------------------------------------------

--
-- Table structure for table `pembelian`
--

CREATE TABLE IF NOT EXISTS `pembelian` (
  `id_pembelian` varchar(15) NOT NULL,
  `po_no` varchar(30) NOT NULL,
  `id_supplier` int(8) NOT NULL,
  `id_cabang` int(3) NOT NULL,
  `tanggal` date NOT NULL,
  `diskon` int(11) DEFAULT NULL,
  `total` double NOT NULL,
  `id_coa` int(3) NOT NULL,
  `kd_akun` varchar(6) NOT NULL,
  `cara_bayar` int(11) NOT NULL,
  `status` varchar(20) DEFAULT NULL,
  `status_hutang` int(11) NOT NULL,
  `posting` int(11) NOT NULL,
  `userid` int(3) NOT NULL,
  PRIMARY KEY (`id_pembelian`)
) ENGINE=MyISAM DEFAULT CHARSET=latin1;

--
-- Dumping data for table `pembelian`
--

INSERT INTO `pembelian` (`id_pembelian`, `po_no`, `id_supplier`, `id_cabang`, `tanggal`, `diskon`, `total`, `id_coa`, `kd_akun`, `cara_bayar`, `status`, `status_hutang`, `posting`, `userid`) VALUES
('20120625100420', 'PO-001001625062012000001', 1, 1, '2012-06-25', 0, 30000, 5, '', 2, NULL, 1, 0, 16),
('20120625101952', 'PO-001001625062012000002', 1, 1, '2012-06-25', 0, 80000, 5, '', 1, NULL, 0, 1, 16),
('20120625102129', 'PO-001001625062012000003', 3, 1, '2012-06-25', 0, 26000, 5, '', 1, NULL, 0, 1, 16),
('20120625102252', 'PO-001001625062012000004', 3, 1, '2012-06-25', 0, 10000, 5, '', 1, NULL, 0, 0, 16),
('20120730044936', 'PO-001001630072012000001', 1, 1, '2012-07-30', 0, 25000, 5, '', 2, NULL, 1, 1, 16),
('20130228153829', 'PO-001000128022013000001', 2, 1, '2013-02-28', 0, 50000, 5, '', 1, NULL, 0, 0, 1),
('20130228153936', 'PO-001000128022013000002', 3, 1, '2013-02-28', 0, 125000, 5, '', 1, NULL, 0, 0, 1),
('20130302144935', 'PO-001000102032013000001', 1, 1, '2013-03-02', 0, 500000, 5, '', 1, NULL, 0, 0, 1),
('20130302202041', 'PO-001000102032013000002', 1, 1, '2013-03-02', 0, 80000, 5, '', 1, NULL, 0, 0, 1),
('20130302202119', 'PO-001000102032013000003', 1, 1, '2013-03-02', 0, 30000, 5, '', 1, NULL, 0, 0, 1),
('20130304115459', 'PO-001000104032013000001', 3, 1, '2013-03-04', 0, 60000, 5, '', 1, NULL, 0, 0, 1),
('20130305173652', 'PO-001000105032013000001', 2, 1, '2013-03-05', 0, 10000, 5, '', 1, NULL, 0, 0, 1),
('20130305174102', 'PO-001000105032013000002', 4, 1, '2013-03-05', 0, 105000, 5, '', 1, NULL, 0, 0, 1),
('20140129114537', 'PB-290120140001', 1, 1, '2014-01-29', 0, 0, 5, '', 1, NULL, 0, 0, 1),
('20140129123432', 'PB-290120140001', 1, 1, '2014-01-29', 5, 55000, 5, '', 1, NULL, 0, 0, 1),
('20140129155029', 'PB-290120140001', 1, 1, '2014-01-29', 0, 108000, 5, '', 1, NULL, 0, 0, 1),
('20140404065127', 'PB-040420140001', 1, 1, '2014-04-04', 0, 10000, 5, '', 1, NULL, 0, 0, 1);

-- --------------------------------------------------------

--
-- Table structure for table `penerimaan_kas`
--

CREATE TABLE IF NOT EXISTS `penerimaan_kas` (
  `id` int(11) NOT NULL AUTO_INCREMENT,
  `glid` varchar(20) NOT NULL,
  `ket_transaksi` longtext NOT NULL,
  `jumlah` bigint(20) NOT NULL,
  `cuid` int(11) NOT NULL,
  `cdate` date NOT NULL,
  `tanggal` date NOT NULL,
  PRIMARY KEY (`id`)
) ENGINE=MyISAM DEFAULT CHARSET=latin1 AUTO_INCREMENT=1 ;

-- --------------------------------------------------------

--
-- Table structure for table `pengeluaran_kas`
--

CREATE TABLE IF NOT EXISTS `pengeluaran_kas` (
  `id` int(11) NOT NULL AUTO_INCREMENT,
  `glid` varchar(20) NOT NULL,
  `ket_transaksi` longtext NOT NULL,
  `jumlah` bigint(20) NOT NULL,
  `cuid` int(11) NOT NULL,
  `cdate` date NOT NULL,
  `tanggal` date NOT NULL,
  PRIMARY KEY (`id`)
) ENGINE=MyISAM DEFAULT CHARSET=latin1 AUTO_INCREMENT=1 ;

-- --------------------------------------------------------

--
-- Table structure for table `penjualan`
--

CREATE TABLE IF NOT EXISTS `penjualan` (
  `id_penjualan` varchar(15) NOT NULL,
  `so_no` varchar(30) NOT NULL,
  `id_pelanggan` varchar(10) NOT NULL,
  `id_cabang` varchar(10) NOT NULL,
  `id_jpenjualan` int(3) NOT NULL,
  `kd_akun` varchar(10) NOT NULL,
  `tanggal` date NOT NULL,
  `jatuh_tempo` int(5) NOT NULL,
  `diskon` int(8) NOT NULL,
  `total` double NOT NULL,
  `id_coa` int(3) NOT NULL,
  `userid` int(3) NOT NULL,
  `cara_bayar` int(11) NOT NULL,
  `status_piutang` int(11) NOT NULL,
  `posting` int(11) NOT NULL,
  PRIMARY KEY (`id_penjualan`)
) ENGINE=MyISAM DEFAULT CHARSET=latin1;

--
-- Dumping data for table `penjualan`
--

INSERT INTO `penjualan` (`id_penjualan`, `so_no`, `id_pelanggan`, `id_cabang`, `id_jpenjualan`, `kd_akun`, `tanggal`, `jatuh_tempo`, `diskon`, `total`, `id_coa`, `userid`, `cara_bayar`, `status_piutang`, `posting`) VALUES
('20120625101430', 'SO-0010016120625000001', '4', '1', 1, '', '2012-06-25', 0, 0, 18000, 5, 16, 1, 0, 1),
('20120625102022', 'SO-0010016120625000002', '10', '1', 1, '', '2012-06-25', 6, 0, 100000, 5, 16, 2, 1, 0),
('20120625102353', 'SO-0010016120625000003', '1', '1', 1, '', '2012-06-25', 0, 0, 13000, 5, 16, 1, 0, 1),
('20140129122936', 'PJ-0010001140129000001', 'cbg-3', '1', 1, '', '2014-01-29', 5, 5, 0, 5, 1, 1, 0, 0),
('20121217125014', 'SO-0010001121217000002', '1', '1', 2, '', '2012-12-17', 3, 0, 10000, 5, 1, 2, 1, 0),
('20130106103704', 'SO-0010001130106000003', '3', '1', 1, '', '2013-01-06', 2, 0, 24000, 5, 1, 2, 1, 0),
('20130106103739', 'SO-0010001130106000004', '4', '1', 2, '', '2013-01-06', 5, 0, 14000, 5, 1, 2, 1, 0),
('20130107111434', 'SO-0010001130107000005', '3', '1', 1, '', '2013-01-07', 2, 0, 5000, 5, 1, 2, 0, 0),
('20130108125818', 'SO-0010001130108000006', '3', '1', 1, '', '2013-01-08', 8, 0, 5000, 5, 1, 2, 0, 0),
('20130108010659', 'SO-0010001130108000007', '3', '1', 1, '', '2013-01-08', 8, 0, 12000, 5, 1, 2, 0, 0),
('20130108011547', 'SO-0010001130108000008', '0', '1', 1, '', '2013-01-08', 5, 0, 12000, 5, 1, 2, 0, 0),
('20130108105610', 'SO-0010001130108000009', '3', '1', 1, '', '2013-01-08', 2, 0, 14000, 5, 1, 2, 1, 0),
('20130108111135', 'SO-0010001130108000010', '3', '1', 1, '', '2013-01-08', 5, 0, 5000, 5, 1, 2, 1, 0),
('20130109054655', 'SO-0010001130109000011', '1', '1', 1, '', '2013-01-09', 5, 0, 12000, 5, 1, 2, 1, 0),
('20130111024030', 'SO-0010001130111000012', '1', '1', 1, '', '2013-01-11', 4, 0, 240000, 5, 1, 2, 0, 0),
('20130113103754', 'SO-0010001130113000013', '6', '1', 1, '', '2013-01-13', 0, 0, 240000, 5, 1, 1, 0, 0),
('20130113104127', 'SO-0010001130113000014', '1', '1', 2, '', '2013-01-13', 0, 0, 240000, 5, 1, 1, 0, 0),
('20130113104938', 'SO-0010001130113000015', '6', '1', 1, '', '2013-01-13', 0, 0, 80000, 5, 1, 1, 0, 0),
('20130113105804', 'SO-0010001130113000016', '6', '1', 1, '', '2013-01-13', 0, 0, 80000, 5, 1, 1, 0, 0),
('20130113105916', 'SO-0010001130113000017', '6', '1', 1, '', '2013-01-13', 0, 0, 80000, 5, 1, 1, 0, 0),
('20130114020838', 'SO-0010001130114000018', '2', '1', 1, '', '2013-01-14', 5, 0, 80000, 5, 1, 2, 0, 0),
('20130114023817', 'SO-0010001130114000019', '11', '1', 1, '', '2013-01-14', 10, 0, 80000, 5, 1, 2, 0, 0),
('20130114025326', 'SO-0010001130114000020', '12', '1', 1, '', '2013-01-14', 2, 0, 75000, 5, 1, 2, 0, 0),
('20130114025511', 'SO-0010001130114000021', '11', '1', 1, '', '2013-01-14', 2, 0, 75000, 5, 1, 2, 0, 0),
('20130121105630', 'SO-0010001130121000022', '2', '1', 1, '', '2013-01-21', 5, 0, 6500, 5, 1, 2, 0, 0),
('20130127055549', 'SO-0010001130127000023', '0', '1', 1, '', '2013-01-27', 0, 0, 0, 5, 1, 1, 0, 0),
('20130127055940', 'SO-0010001130127000024', '0', '1', 1, '', '2013-01-27', 0, 0, 15000, 5, 1, 1, 0, 0),
('20130127060201', 'SO-0010001130127000025', '2', '1', 1, '', '2013-01-27', 0, 0, 20000, 5, 1, 1, 0, 0),
('20130127061514', 'SO-0010001130127000026', '11', '1', 1, '', '2013-01-27', 0, 0, 90000, 5, 1, 1, 0, 0),
('20130228033914', 'SO-0010001130228000027', '1', '1', 1, '', '2013-02-28', 0, 0, 480000, 5, 1, 1, 0, 0),
('20130228034042', 'SO-0010001130228000028', '0', '1', 1, '', '2013-02-28', 0, 0, 540000, 5, 1, 1, 0, 0),
('20130228034116', 'SO-0010001130228000029', '1', '1', 1, '', '2013-02-28', 0, 0, 120000, 5, 1, 1, 0, 0),
('20130228034207', 'SO-0010001130228000030', '1', '1', 1, '', '2013-02-28', 0, 0, 30000, 5, 1, 1, 0, 0),
('20130228034238', 'SO-0010001130228000031', '1', '1', 1, '', '2013-02-28', 0, 0, 30000, 5, 1, 1, 0, 0),
('20130228034312', 'SO-0010001130228000032', '1', '1', 1, '', '2013-02-28', 0, 0, 600000, 5, 1, 1, 0, 0),
('20130302022919', 'SO-0010001130302000033', '1', '1', 1, '', '2013-03-02', 0, 0, 244000, 5, 1, 1, 0, 0),
('20130302035514', 'SO-0010001130302000034', '1', '1', 1, '', '2013-03-02', 0, 0, 54000, 5, 1, 1, 0, 0),
('20130302035551', 'SO-0010001130302000035', '1', '1', 1, '', '2013-03-02', 0, 0, 150000, 5, 1, 1, 0, 0),
('20130302035935', 'SO-0010001130302000036', '0', '1', 1, '', '2013-03-02', 0, 0, 108000, 5, 1, 1, 0, 0),
('20130302040443', 'SO-0010001130302000037', '1', '1', 1, '', '2013-03-02', 0, 0, 54000, 5, 1, 1, 0, 0),
('20130302075951', 'SO-0010001130302000038', '1', '1', 1, '', '2013-03-02', 0, 0, 54000, 5, 1, 1, 0, 0),
('20130302081756', 'SO-0010001130302000039', '1', '1', 1, '', '2013-03-02', 0, 0, 54000, 5, 1, 1, 0, 0),
('20130302081944', 'SO-0010001130302000040', '1', '1', 1, '', '2013-03-02', 0, 0, 24000, 5, 1, 1, 0, 0),
('20130302082011', 'SO-0010001130302000041', '1', '1', 1, '', '2013-03-02', 0, 0, 142500, 5, 1, 1, 0, 0),
('20130302082446', 'SO-0010001130302000042', '2', '1', 1, '', '2013-03-02', 0, 0, 24000, 5, 1, 1, 0, 0),
('20130302082612', 'SO-0010001130302000043', '2', '1', 1, '', '2013-03-02', 0, 0, 494000, 5, 1, 1, 0, 0),
('20130302083741', 'SO-0020005130302000001', '1', '2', 1, '', '2013-03-02', 0, 0, 27000, 5, 5, 1, 0, 0),
('20130304010642', 'SO-0010001130304000044', '2', '1', 1, '', '2013-03-04', 0, 0, 270000, 5, 1, 1, 0, 0),
('20130305023747', 'SO-0020005130305000002', '0', '2', 1, '', '2013-03-05', 0, 0, 84000, 5, 5, 1, 0, 0),
('20130305032627', 'SO-0010001130305000045', '0', '1', 1, '', '2013-03-05', 0, 0, 189000, 5, 1, 1, 0, 0),
('20130305032807', 'SO-0010001130305000046', 'cbg-2', '1', 1, '', '2013-03-05', 0, 0, 21000, 5, 1, 1, 0, 0),
('20130305043624', 'SO-0010001130305000047', 'cbg-2', '1', 1, '', '2013-03-05', 0, 0, 120000, 5, 1, 1, 0, 0),
('20130305043801', 'SO-0010001130305000048', 'cbg-2', '1', 1, '', '2013-03-05', 0, 0, 54000, 5, 1, 1, 0, 0),
('20130305054007', 'SO-0010001130305000049', 'cbg-2', '1', 1, '', '2013-03-05', 0, 0, 12000, 5, 1, 1, 0, 0),
('20130305055810', 'SO-0010001130305000050', 'plg-1', '1', 1, '', '2013-03-05', 0, 0, 26000, 5, 1, 1, 0, 0),
('20130305061218', 'SO-0010001130305000051', 'plg-1', '1', 1, '', '2013-03-05', 0, 0, 53500, 5, 1, 1, 0, 0),
('20130305061336', 'SO-0010001130305000052', 'cbg-2', '1', 1, '', '2013-03-05', 0, 0, 92000, 5, 1, 1, 0, 0),
('20130305061405', 'SO-0020005130305000003', 'plg-1', '2', 1, '', '2013-03-05', 0, 0, 26000, 5, 5, 1, 0, 0),
('20130305062433', 'SO-0020005130305000004', 'plg-1', '2', 1, '', '2013-03-05', 0, 0, 6000, 5, 5, 1, 0, 0),
('20130305062457', 'SO-0020005130305000005', 'plg-1', '2', 1, '', '2013-03-05', 0, 0, 21500, 5, 5, 1, 0, 0),
('20140129035306', 'PJ-140129000002', '4', '1', 1, '', '2014-01-29', 0, 0, 54200, 5, 1, 1, 0, 0),
('20140129035823', 'PJ-140129000002', 'cbg-1', '1', 1, '', '2014-01-29', 5, 5, 54200, 5, 1, 1, 0, 0),
('20140129040126', 'PJ-0010001140129000002', 'cbg-1', '1', 2, '', '2014-01-29', 0, 0, 11000, 5, 1, 1, 0, 0),
('20140129041301', 'PJ-0010001140129000003', 'plg-1', '1', 2, '', '2014-01-29', 0, 0, 21600, 5, 1, 1, 0, 0),
('20140414055915', 'PJ-0010001140414000004', 'cbg-2', '1', 1, '', '2014-04-14', 0, 0, 80000, 5, 1, 1, 0, 0);

-- --------------------------------------------------------

--
-- Table structure for table `penukaran_point`
--

CREATE TABLE IF NOT EXISTS `penukaran_point` (
  `id_penukaranpoint` int(3) NOT NULL AUTO_INCREMENT,
  `id_barang` int(3) NOT NULL,
  `qty` int(3) NOT NULL,
  `jmlpoint_tukar` int(5) NOT NULL,
  `id_karyawan` int(11) DEFAULT NULL,
  `id_pelanggan` int(11) NOT NULL,
  PRIMARY KEY (`id_penukaranpoint`)
) ENGINE=MyISAM  DEFAULT CHARSET=latin1 AUTO_INCREMENT=9 ;

--
-- Dumping data for table `penukaran_point`
--

INSERT INTO `penukaran_point` (`id_penukaranpoint`, `id_barang`, `qty`, `jmlpoint_tukar`, `id_karyawan`, `id_pelanggan`) VALUES
(1, 32, 2, 200, 4, 1),
(5, 32, 0, 0, 0, 5),
(6, 63, 1, 30, 5, 0),
(7, 34, 1, 150, 1, 0),
(8, 32, 1, 100, 0, 4);

-- --------------------------------------------------------

--
-- Table structure for table `refund`
--

CREATE TABLE IF NOT EXISTS `refund` (
  `ID` int(11) NOT NULL AUTO_INCREMENT,
  `KOUNIT` varchar(8) NOT NULL DEFAULT '',
  `PARTNERID` varchar(32) DEFAULT NULL,
  `PO_NO` varchar(30) NOT NULL,
  `GLID` varchar(75) NOT NULL DEFAULT '',
  `GLID_PARENT` varchar(25) NOT NULL,
  `TANGGAL` date NOT NULL DEFAULT '0000-00-00',
  `KETERANGAN` varchar(250) NOT NULL DEFAULT '',
  `GROUP_REFUND` int(11) NOT NULL DEFAULT '1',
  `CDATE` date NOT NULL DEFAULT '0000-00-00',
  `CUID` varchar(32) NOT NULL DEFAULT '',
  `MDATE` date NOT NULL DEFAULT '0000-00-00',
  `MUID` varchar(32) NOT NULL DEFAULT '',
  `STATUS` char(1) NOT NULL DEFAULT 'A',
  PRIMARY KEY (`ID`)
) ENGINE=MyISAM  DEFAULT CHARSET=utf8 AUTO_INCREMENT=2 ;

--
-- Dumping data for table `refund`
--

INSERT INTO `refund` (`ID`, `KOUNIT`, `PARTNERID`, `PO_NO`, `GLID`, `GLID_PARENT`, `TANGGAL`, `KETERANGAN`, `GROUP_REFUND`, `CDATE`, `CUID`, `MDATE`, `MUID`, `STATUS`) VALUES
(1, '1', NULL, '', 'AR/120923/0008', 'AR/120724/0002', '2012-09-23', '', 1, '2012-09-23', '0001', '0000-00-00', '', 'A');

-- --------------------------------------------------------

--
-- Table structure for table `request_order`
--

CREATE TABLE IF NOT EXISTS `request_order` (
  `id_request` varchar(15) NOT NULL,
  `id_cabang` int(3) NOT NULL,
  `tanggal` date NOT NULL,
  `userid` int(3) NOT NULL,
  PRIMARY KEY (`id_request`)
) ENGINE=MyISAM DEFAULT CHARSET=latin1;

--
-- Dumping data for table `request_order`
--

INSERT INTO `request_order` (`id_request`, `id_cabang`, `tanggal`, `userid`) VALUES
('20111229110531', 1, '2011-12-29', 1),
('20111229110858', 2, '2011-12-29', 7),
('20120125123737', 1, '2012-01-25', 10),
('20120125131402', 1, '2012-01-25', 11),
('20120207120854', 2, '2012-02-07', 2),
('20120211142947', 1, '2012-02-11', 14),
('20120212211454', 2, '2012-02-12', 2),
('20120221162722', 2, '2012-02-21', 15),
('20140414173320', 2, '2014-04-14', 3);

-- --------------------------------------------------------

--
-- Table structure for table `retur_pembelian`
--

CREATE TABLE IF NOT EXISTS `retur_pembelian` (
  `id_retur_pembelian` int(11) NOT NULL AUTO_INCREMENT,
  `id_detail_pembelian` int(11) NOT NULL,
  `id_barang` int(3) NOT NULL,
  `qty` int(5) NOT NULL,
  `tanggal` date NOT NULL,
  `userid` int(3) NOT NULL,
  PRIMARY KEY (`id_retur_pembelian`)
) ENGINE=MyISAM  DEFAULT CHARSET=latin1 AUTO_INCREMENT=3 ;

--
-- Dumping data for table `retur_pembelian`
--

INSERT INTO `retur_pembelian` (`id_retur_pembelian`, `id_detail_pembelian`, `id_barang`, `qty`, `tanggal`, `userid`) VALUES
(1, 169, 48, 1, '2014-01-29', 1),
(2, 169, 48, 1, '2014-04-14', 1);

-- --------------------------------------------------------

--
-- Table structure for table `retur_penjualan`
--

CREATE TABLE IF NOT EXISTS `retur_penjualan` (
  `id_retur_penjualan` int(3) NOT NULL AUTO_INCREMENT,
  `id_detail_penjualan` int(11) NOT NULL,
  `id_barang` int(3) NOT NULL,
  `qty` int(5) NOT NULL,
  `sn` varchar(50) DEFAULT NULL,
  `tanggal` date NOT NULL,
  `userid` int(3) NOT NULL,
  PRIMARY KEY (`id_retur_penjualan`)
) ENGINE=MyISAM DEFAULT CHARSET=latin1 AUTO_INCREMENT=1 ;

-- --------------------------------------------------------

--
-- Table structure for table `saldo_awal_akun`
--

CREATE TABLE IF NOT EXISTS `saldo_awal_akun` (
  `kounit` varchar(8) NOT NULL,
  `akunid` varchar(11) NOT NULL,
  `SaldoDebet` double DEFAULT '0',
  `SaldoKredit` double DEFAULT NULL,
  PRIMARY KEY (`kounit`,`akunid`),
  KEY `NewIndex1` (`kounit`,`akunid`)
) ENGINE=MyISAM DEFAULT CHARSET=latin1;

-- --------------------------------------------------------

--
-- Table structure for table `satuan`
--

CREATE TABLE IF NOT EXISTS `satuan` (
  `id_satuan` int(3) NOT NULL AUTO_INCREMENT,
  `satuan` varchar(30) NOT NULL,
  `userid` int(3) NOT NULL,
  PRIMARY KEY (`id_satuan`)
) ENGINE=MyISAM  DEFAULT CHARSET=latin1 AUTO_INCREMENT=4 ;

--
-- Dumping data for table `satuan`
--

INSERT INTO `satuan` (`id_satuan`, `satuan`, `userid`) VALUES
(1, 'pcs', 1),
(2, 'Qty', 11),
(3, 'unit', 1);

-- --------------------------------------------------------

--
-- Table structure for table `service`
--

CREATE TABLE IF NOT EXISTS `service` (
  `id_service` int(3) NOT NULL AUTO_INCREMENT,
  `nama_pelanggan` varchar(50) NOT NULL,
  `nama_barang` varchar(50) NOT NULL,
  `tanggal` date NOT NULL,
  `kerusakan` varchar(50) NOT NULL,
  `total_bayar` int(8) NOT NULL,
  `status` int(20) NOT NULL,
  `userid` int(3) NOT NULL,
  PRIMARY KEY (`id_service`)
) ENGINE=MyISAM  DEFAULT CHARSET=latin1 AUTO_INCREMENT=3 ;

--
-- Dumping data for table `service`
--

INSERT INTO `service` (`id_service`, `nama_pelanggan`, `nama_barang`, `tanggal`, `kerusakan`, `total_bayar`, `status`, `userid`) VALUES
(1, 'Maya', 'Galaxy', '2014-04-15', 'Touchscreen', 5000000, 1, 1),
(2, 'Dewi', 'Oppo', '2014-04-15', 'Keypad', 200000, 2, 1);

-- --------------------------------------------------------

--
-- Table structure for table `service_status`
--

CREATE TABLE IF NOT EXISTS `service_status` (
  `id` int(11) NOT NULL AUTO_INCREMENT,
  `deskripsi` varchar(50) NOT NULL,
  `status` varchar(50) NOT NULL,
  PRIMARY KEY (`id`)
) ENGINE=InnoDB  DEFAULT CHARSET=latin1 AUTO_INCREMENT=4 ;

--
-- Dumping data for table `service_status`
--

INSERT INTO `service_status` (`id`, `deskripsi`, `status`) VALUES
(1, 'Sedang Di Service', ''),
(2, 'Selesai', ''),
(3, 'Batal', '');

-- --------------------------------------------------------

--
-- Table structure for table `setting_kode_trans`
--

CREATE TABLE IF NOT EXISTS `setting_kode_trans` (
  `id` int(3) NOT NULL AUTO_INCREMENT,
  `kd_trans` varchar(3) NOT NULL,
  `transaksi` varchar(100) NOT NULL,
  PRIMARY KEY (`id`)
) ENGINE=MyISAM  DEFAULT CHARSET=latin1 AUTO_INCREMENT=4 ;

--
-- Dumping data for table `setting_kode_trans`
--

INSERT INTO `setting_kode_trans` (`id`, `kd_trans`, `transaksi`) VALUES
(1, 'PB', 'pembelian'),
(2, 'PJ', 'penjualan'),
(3, 'SP', 'supplier');

-- --------------------------------------------------------

--
-- Table structure for table `setting_laporan`
--

CREATE TABLE IF NOT EXISTS `setting_laporan` (
  `id` int(11) NOT NULL AUTO_INCREMENT,
  `footer_pembelian` longtext NOT NULL,
  `footer_penjualan` longtext NOT NULL,
  `footer_service` longtext NOT NULL,
  `footer_tukar_tambah` longtext NOT NULL,
  PRIMARY KEY (`id`)
) ENGINE=MyISAM  DEFAULT CHARSET=latin1 AUTO_INCREMENT=2 ;

--
-- Dumping data for table `setting_laporan`
--

INSERT INTO `setting_laporan` (`id`, `footer_pembelian`, `footer_penjualan`, `footer_service`, `footer_tukar_tambah`) VALUES
(1, '<p>laporan_pembelian1</p>', '<p>footer_penjualan1</p>', '<p>Footer Service1</p>', '<p>Footer Tukar Tambah1</p>');

-- --------------------------------------------------------

--
-- Table structure for table `setting_login`
--

CREATE TABLE IF NOT EXISTS `setting_login` (
  `id` int(11) NOT NULL AUTO_INCREMENT,
  `name` varchar(100) NOT NULL,
  `name_login1` varchar(70) NOT NULL,
  `file_path_login1` varchar(200) NOT NULL,
  PRIMARY KEY (`id`)
) ENGINE=MyISAM  DEFAULT CHARSET=latin1 AUTO_INCREMENT=2 ;

--
-- Dumping data for table `setting_login`
--

INSERT INTO `setting_login` (`id`, `name`, `name_login1`, `file_path_login1`) VALUES
(1, 'Login', 'bk_login_ver.jpg', 'C:/xampp/htdocs/keuangan/asset/admin/upload/login/');

-- --------------------------------------------------------

--
-- Table structure for table `setting_view`
--

CREATE TABLE IF NOT EXISTS `setting_view` (
  `id` int(11) NOT NULL AUTO_INCREMENT,
  `name` varchar(100) NOT NULL,
  `name_gambar1` varchar(70) NOT NULL,
  `file_path_gambar1` varchar(200) NOT NULL,
  `name_gambar2` varchar(70) NOT NULL,
  `file_path_gambar2` varchar(200) NOT NULL,
  `name_header1` varchar(70) NOT NULL,
  `file_path_header1` varchar(200) NOT NULL,
  `name_header2` varchar(70) NOT NULL,
  `file_path_header2` varchar(200) NOT NULL,
  `judul` varchar(200) NOT NULL,
  `detail` longtext NOT NULL,
  PRIMARY KEY (`id`)
) ENGINE=MyISAM  DEFAULT CHARSET=latin1 AUTO_INCREMENT=5 ;

--
-- Dumping data for table `setting_view`
--

INSERT INTO `setting_view` (`id`, `name`, `name_gambar1`, `file_path_gambar1`, `name_gambar2`, `file_path_gambar2`, `name_header1`, `file_path_header1`, `name_header2`, `file_path_header2`, `judul`, `detail`) VALUES
(1, 'dashboard', '3.JPG', 'D:/xampp/htdocs/keuangan/asset/admin/upload/dashboard/', 'saweri221.jpg', 'C:/xampp/htdocs/keuangan/asset/admin/upload/dashboard/', 'hulu_14.png', 'C:/xampp/htdocs/keuangan/asset/admin/upload/dashboard/', 'hulu_33.png', 'C:/xampp/htdocs/keuangan/asset/admin/upload/dashboard/', '<h3><h3><h3><h3><h3><h3><h3><h3><h3><h3><h3><h3><h3><h3><h3><h3><h3><h3><h3><h3>Sawerigading Cellular Shop Terlengkap & Berkualitas</h3></h3></h3></h3></h3></h3></h3></h3></h3></h3></h3></h3></h3></h3', '<p>"</p>\r\n<p><em style="text-align: justify;"><strong>SAWERIGADING</strong> merupakan perusahaan yg bergerak di bidang jasa cellular, mulai dari HANDPHONE, ACCESSORIES, SERVICE, RELOAD VOUCHER ELEKTRIK. Satu-satunya cellular shop terbesar, terlengkap dan berkwalitas di Banyuwangi.&nbsp;</em></p>\r\n<p style="text-align: justify;"><br /> <br />SAWERIGADING CELLULAR berdiri pada tahun 2000 dan berkembang pesat sampai sekarang. Sawerigading sebagai Cellular yang terbesar, terlengkap dan berkwalitas di banyuwangi terus melakukan terobosan-terobosan untuk lebih memperkuat image sebagai branch image cellular banyuwangi. Sampai sekarang SAWERIGADING sudah mempunyai 12 cabang dengan perincian 11 cabang berada di banyuwangi dan 1 cabang di Jember<br /> <br /> <br /><span style="font-size: x-large;">SAWERIGADING</span> memegang satus dealer resmi XL. Sebagai dealer XL ini sawerigading telah mengukir prestasi sebagai dealer dengan performa terbaik se-JAWA TIMUR dan 60 besar NASIONAL<br /> <br /> <br />Misi SAWERIGADING 									Menjadikan SAWERIGADING sebagai Branch Image cellular di Banyuwangi<br /> <br /> <br />Pelayanan 									Pelayanan merupakan senjata utama dalam hal penjualan/marketing. Karena dengan pelayanan yang baik akan memberikan kepuasan bagi para pelanggan sehingga secara tidak langsung akan mengikat pelanggan sebagai pelanggan tetap <span style="color: #ff0000;">SAWERIGADING</span><br /> <br /> <br />Inovasi 									Inovasi dari sawerigading yaitu sebagai satu-satunya cellular shop di banyuwangi yang mengeluarkan kartu member yang bisa digunakan juga sebagai kartu discount.<br /> <br /> <br /><strong>Product 									SAWERIGADING merupakan cellular shop yang melayani penjualan retail ke pelanggan juga melayani penjualan partai/grosir ke pemilik counter di banyuwangi dan sekitarnya. Product yang di jual di SAWERIGADING adalah handphone dengan bergaransi resmi, accessories, kartu perdana, voucher fisik maupun elektrik 									Kantor pusat sawerigading 									Jl. S.Parman no 16 banyuwangi telp 0333-428738.</strong></p>\r\n<p>"</p>');

-- --------------------------------------------------------

--
-- Table structure for table `stok`
--

CREATE TABLE IF NOT EXISTS `stok` (
  `id_stok` int(3) NOT NULL AUTO_INCREMENT,
  `kode_cabang` varchar(3) NOT NULL,
  `id_barang` int(3) NOT NULL,
  `tanggal` datetime NOT NULL,
  `jumlah` int(5) NOT NULL,
  `id_supplier` int(8) NOT NULL,
  `debit` int(8) DEFAULT NULL,
  `kredit` int(8) DEFAULT NULL,
  `saldo` int(8) DEFAULT NULL,
  PRIMARY KEY (`id_stok`)
) ENGINE=MyISAM DEFAULT CHARSET=latin1 AUTO_INCREMENT=1 ;

-- --------------------------------------------------------

--
-- Table structure for table `supplier`
--

CREATE TABLE IF NOT EXISTS `supplier` (
  `id_supplier` int(11) NOT NULL AUTO_INCREMENT,
  `kode_supplier` varchar(10) NOT NULL,
  `nama` varchar(50) NOT NULL,
  `alamat` varchar(50) NOT NULL,
  `telpon` varchar(20) NOT NULL,
  `saldo_hutang` int(11) NOT NULL,
  `date` date NOT NULL,
  `userid` int(3) NOT NULL,
  PRIMARY KEY (`id_supplier`)
) ENGINE=MyISAM  DEFAULT CHARSET=latin1 AUTO_INCREMENT=13 ;

--
-- Dumping data for table `supplier`
--

INSERT INTO `supplier` (`id_supplier`, `kode_supplier`, `nama`, `alamat`, `telpon`, `saldo_hutang`, `date`, `userid`) VALUES
(1, 'P0001', 'Pusat Saweri', 'Jl. S.Parman Banyuwangi', '876543', 750000, '0000-00-00', 1),
(2, 'P0002', 'Giant Accessories', 'Banyuwangi', '0314293321', 0, '0000-00-00', 6),
(3, 'P0003', 'PT Global Sukses Telecom', 'Jakarta', '02199902749', 0, '0000-00-00', 6),
(4, 'P0004', 'PT Exelcomindo Jaya Perkasa', 'Jakarta', '0217472321', 0, '0000-00-00', 6),
(5, 'P0005', 'andalas', 'sobo', '018237819', 0, '0000-00-00', 3),
(7, 'P0006', 'surya gatra mas', 'surabaya', '000', 100000000, '0000-00-00', 11),
(8, 'P0007', 'jak phon coba-coba', 'jl. hp murah', '087755588888', 1000000, '0000-00-00', 3),
(9, 'P0008', 'sampurna', 'surabaya', '63416817', 0, '0000-00-00', 1),
(10, 'P0009', 'jafar', 'cigon', '08132108089', 50000, '0000-00-00', 1),
(11, 'P0010', 'Yoakesan', 'kompk Holis Bandung', '08321336081', 500000, '0000-00-00', 1),
(12, 'P0011', 'Gelar', 'bandung Timur', '08578881211123', 1000000, '0000-00-00', 1);

-- --------------------------------------------------------

--
-- Table structure for table `users`
--

CREATE TABLE IF NOT EXISTS `users` (
  `nom` int(11) NOT NULL AUTO_INCREMENT,
  `userid` varchar(15) NOT NULL,
  `username` varchar(30) NOT NULL,
  `password` varchar(32) NOT NULL,
  `level_id` varchar(5) NOT NULL,
  PRIMARY KEY (`nom`),
  UNIQUE KEY `userid` (`userid`)
) ENGINE=MyISAM  DEFAULT CHARSET=latin1 AUTO_INCREMENT=8 ;

--
-- Dumping data for table `users`
--

INSERT INTO `users` (`nom`, `userid`, `username`, `password`, `level_id`) VALUES
(1, '0001', 'admin', '21232f297a57a5a743894a0e4a801fc3', 'ADM'),
(2, '0002', 'winarti', '9018fbf2a7c720a2fb75e18c28adf9f4', 'OP'),
(3, '0003', 'dawn', '009f25a425c179da52a4f69b60bf81fc', 'CBG'),
(4, '0004', 'sinta', '08ca451b5ef1a7c86763d31e7711a522', 'CBG'),
(5, '0005', 'dewi', 'ed1d859c50262701d92e5cbf39652792', 'CBG'),
(6, '0006', 'sri', 'c4ca4238a0b923820dcc509a6f75849b', 'ADM'),
(7, '0007', 'admin', '21232f297a57a5a743894a0e4a801fc3', 'ADM');

-- --------------------------------------------------------

--
-- Table structure for table `users_level`
--

CREATE TABLE IF NOT EXISTS `users_level` (
  `level_id` varchar(5) NOT NULL,
  `nama` varchar(32) NOT NULL,
  `area` varchar(10) NOT NULL,
  `setup_perusahaan` varchar(6) NOT NULL,
  `setting_kode_trans` varchar(10) NOT NULL,
  `setting_laporan` varchar(10) NOT NULL,
  `setting_view` varchar(10) NOT NULL,
  `setting_login` varchar(10) NOT NULL,
  `internal_memo` varchar(10) NOT NULL,
  `barang` varchar(10) NOT NULL,
  `cabang` varchar(10) NOT NULL,
  `golongan` varchar(10) NOT NULL,
  `jenis` varchar(10) NOT NULL,
  `karyawan` varchar(10) NOT NULL,
  `kategori` varchar(10) NOT NULL,
  `pelanggan` varchar(10) NOT NULL,
  `master_akun` varchar(6) NOT NULL,
  `master_saldo_elektrik` varchar(10) NOT NULL,
  `master_pulsa` varchar(10) NOT NULL,
  `pembelian` varchar(10) NOT NULL,
  `pengajuan` varchar(6) NOT NULL,
  `penjualan` varchar(10) NOT NULL,
  `retur_pembelian` varchar(10) NOT NULL,
  `terima_barang_retur` varchar(6) NOT NULL,
  `retur_penjualan` varchar(10) NOT NULL,
  `satuan` varchar(10) NOT NULL,
  `service` varchar(10) NOT NULL,
  `supplier` varchar(10) NOT NULL,
  `users` varchar(10) NOT NULL,
  `users_level` varchar(10) NOT NULL,
  `layanan_jasa_kredit` varchar(10) NOT NULL,
  `dashboard` varchar(10) NOT NULL,
  `po` varchar(10) NOT NULL,
  `so` varchar(10) NOT NULL,
  `request_order` varchar(10) NOT NULL,
  `laporan_pembelian` varchar(10) NOT NULL,
  `laporan_penjualan` varchar(100) NOT NULL,
  `grafik_pembelian` varchar(100) NOT NULL,
  `grafik_penjualan` varchar(10) NOT NULL,
  `inventory_pusat` varchar(10) NOT NULL,
  `inventory_cabang` varchar(10) NOT NULL,
  `layanan_jasa_speedy` varchar(10) NOT NULL,
  `layanan_jasa_listrik` varchar(10) NOT NULL,
  `layanan_jasa_pdam` varchar(10) NOT NULL,
  `layanan_jasa_telepon` varchar(10) NOT NULL,
  `barang_point` varchar(10) NOT NULL,
  `harga_beli` varchar(10) NOT NULL,
  `harga_jual` varchar(10) NOT NULL,
  `kabupaten` varchar(10) NOT NULL,
  `kecamatan` varchar(10) NOT NULL,
  `penukaran_point` varchar(10) NOT NULL,
  `penerimaan_kas` varchar(10) NOT NULL,
  `pengeluaran_kas` varchar(10) NOT NULL,
  `mutasi_kas` varchar(10) NOT NULL,
  `refund` varchar(10) NOT NULL,
  `piutang` varchar(5) NOT NULL,
  `posting_piutang` varchar(5) NOT NULL,
  `master_piutang` varchar(10) NOT NULL,
  `pembayaran_piutang` varchar(10) NOT NULL,
  `posting_masuk` varchar(5) NOT NULL,
  `master_hutang` varchar(10) NOT NULL,
  `pembayaran_hutang` varchar(10) NOT NULL,
  `hutang` varchar(6) NOT NULL,
  `posting_hutang` varchar(5) NOT NULL,
  `posting_keluar` varchar(5) NOT NULL,
  `kas_awal` varchar(6) NOT NULL,
  `laporan_biaya` varchar(6) NOT NULL,
  `laporan_buku_kas` varchar(6) NOT NULL,
  `laporan_laba_rugi` varchar(6) NOT NULL,
  `laporan_hutang` varchar(6) NOT NULL,
  `laporan_piutang` varchar(6) NOT NULL,
  `laporan_piutang_cabang` varchar(6) NOT NULL,
  `laporan_pembayaran_hutang` varchar(6) NOT NULL,
  `laporan_pembayaran_piutang` varchar(6) NOT NULL
) ENGINE=MyISAM DEFAULT CHARSET=latin1;

--
-- Dumping data for table `users_level`
--

INSERT INTO `users_level` (`level_id`, `nama`, `area`, `setup_perusahaan`, `setting_kode_trans`, `setting_laporan`, `setting_view`, `setting_login`, `internal_memo`, `barang`, `cabang`, `golongan`, `jenis`, `karyawan`, `kategori`, `pelanggan`, `master_akun`, `master_saldo_elektrik`, `master_pulsa`, `pembelian`, `pengajuan`, `penjualan`, `retur_pembelian`, `terima_barang_retur`, `retur_penjualan`, `satuan`, `service`, `supplier`, `users`, `users_level`, `layanan_jasa_kredit`, `dashboard`, `po`, `so`, `request_order`, `laporan_pembelian`, `laporan_penjualan`, `grafik_pembelian`, `grafik_penjualan`, `inventory_pusat`, `inventory_cabang`, `layanan_jasa_speedy`, `layanan_jasa_listrik`, `layanan_jasa_pdam`, `layanan_jasa_telepon`, `barang_point`, `harga_beli`, `harga_jual`, `kabupaten`, `kecamatan`, `penukaran_point`, `penerimaan_kas`, `pengeluaran_kas`, `mutasi_kas`, `refund`, `piutang`, `posting_piutang`, `master_piutang`, `pembayaran_piutang`, `posting_masuk`, `master_hutang`, `pembayaran_hutang`, `hutang`, `posting_hutang`, `posting_keluar`, `kas_awal`, `laporan_biaya`, `laporan_buku_kas`, `laporan_laba_rugi`, `laporan_hutang`, `laporan_piutang`, `laporan_piutang_cabang`, `laporan_pembayaran_hutang`, `laporan_pembayaran_piutang`) VALUES
('ADM', 'Super Admin', '11111', '11111', '11111', '11111', '11111', '11111', '11111', '11111', '11111', '11111', '11111', '11111', '11111', '11111', '11111', '11111', '11111', '11111', '11111', '11111', '11111', '11111', '11111', '11111', '11111', '11111', '11111', '11111', '11111', '11111', '11111', '11111', '11111', '11111', '11111', '11111', '11111', '11111', '11111', '11111', '11111', '11111', '11111', '11111', '11111', '11111', '11111', '11111', '11111', '11111', '11111', '11111', '11111', '11111', '11111', '11111', '11111', '11111', '11111', '11111', '11111', '11111', '11111', '11111', '11111', '11111', '11111', '11111', '11111', '11111', '11111', '11111'),
('CBG', 'Cabang', '01111', '11111', '11111', '00000', '00000', '00000', '00000', '11010', '01111', '01111', '01111', '01111', '01111', '11111', '00000', '11111', '11111', '01111', '11111', '11111', '11111', '', '11111', '01111', '11111', '01111', '01111', '01111', '11111', '11111', '11111', '11111', '11111', '11111', '11111', '11111', '11111', '01111', '11111', '11111', '11111', '11111', '11111', '01111', '01111', '01111', '01111', '01111', '01111', '00000', '00000', '00000', '00000', '00000', '00000', '00000', '00000', '11111', '00000', '00000', '00000', '00000', '00000', '00000', '00000', '00000', '00000', '00000', '00000', '00000', '00000', '00000'),
('OPP', 'Operator Pusat', '11111', '', '11111', '', '00000', '00000', '00000', '01111', '01111', '01111', '01111', '01111', '01111', '11111', '00000', '', '', '11111', '', '11111', '11111', '', '11111', '01111', '11111', '01111', '01111', '01111', '11111', '11111', '01111', '11111', '11111', '01111', '11111', '01111', '11111', '11111', '01111', '11111', '11111', '11111', '11111', '01111', '01111', '11111', '01111', '01111', '11111', '00000', '00000', '00000', '00000', '00000', '00000', '00000', '00000', '00000', '00000', '00000', '00000', '00000', '00000', '00000', '00000', '00000', '00000', '00000', '00000', '', '00000', '00000'),
('TR', 'TRIAL', '11111', '', '11111', '', '00000', '00000', '00000', '11111', '11111', '11111', '11111', '11111', '11111', '11111', '00000', '', '', '11111', '', '11111', '11111', '', '11111', '11111', '11111', '11111', '11111', '11111', '11111', '11111', '11111', '11111', '11111', '11111', '11111', '11111', '11111', '11111', '11111', '11111', '11111', '11111', '11111', '11111', '11111', '11111', '11111', '11111', '11111', '00000', '00000', '00000', '00000', '00000', '00000', '00000', '00000', '00000', '00000', '00000', '00000', '00000', '00000', '00000', '00000', '00000', '00000', '00000', '00000', '', '00000', '00000'),
('CB', 'COBA2', '11111', '11111', '11111', '', '00000', '00000', '00000', '11111', '11111', '11111', '11111', '11111', '11111', '11111', '00000', '', '', '11111', '', '11111', '11111', '', '11111', '11111', '11111', '11111', '11111', '11111', '11111', '11111', '11111', '11111', '11111', '11111', '11111', '11111', '11111', '11111', '11111', '11111', '11111', '11111', '11111', '11111', '11111', '11111', '11111', '11111', '11111', '00000', '00000', '00000', '00000', '00000', '00000', '00000', '00000', '00000', '00000', '00000', '00000', '00000', '00000', '00000', '00000', '00000', '00000', '00000', '00000', '', '00000', '00000'),
('M001', 'kontroller', '11111', '', '11111', '', '00000', '00000', '00000', '11111', '11111', '11111', '11111', '11111', '11111', '11111', '00000', '', '', '11111', '', '11111', '11111', '', '11111', '11111', '11111', '11111', '11111', '11111', '11111', '11111', '11111', '11111', '11111', '11111', '11111', '11111', '11111', '11111', '11111', '11111', '11111', '11111', '11111', '11111', '11111', '11111', '11111', '11111', '11111', '00000', '00000', '00000', '00000', '00000', '00000', '00000', '00000', '00000', '00000', '00000', '00000', '00000', '00000', '00000', '00000', '00000', '00000', '00000', '00000', '', '00000', '00000'),
('12345', 'controller', '11111', '', '11111', '', '00000', '00000', '00000', '11111', '11111', '11111', '11111', '11111', '11111', '11111', '00000', '', '', '11111', '', '11111', '11111', '', '11111', '11111', '11111', '11111', '11111', '11111', '11111', '11111', '11111', '11111', '11111', '11111', '11111', '11111', '11111', '11111', '11111', '11111', '11111', '11111', '11111', '11111', '11111', '11111', '11111', '11111', '11111', '00000', '00000', '00000', '00000', '00000', '00000', '00000', '00000', '00000', '00000', '00000', '00000', '00000', '00000', '00000', '00000', '00000', '00000', '00000', '00000', '', '00000', '00000'),
('OP', 'Operator', '11111', '00000', '11111', '', '00000', '00000', '00000', '11111', '11111', '11111', '11111', '11111', '11111', '11111', '11111', '', '', '11111', '', '11111', '11111', '', '11111', '11111', '11111', '11111', '11111', '11111', '11111', '11111', '11111', '11111', '11111', '11111', '11111', '11111', '11111', '11111', '11111', '11111', '11111', '11111', '11111', '11111', '11111', '11111', '11111', '11111', '11111', '11111', '11111', '11111', '11111', '11111', '11111', '11111', '11111', '11111', '11111', '11111', '11111', '11111', '01111', '00000', '00000', '00000', '00000', '00000', '00000', '', '00000', '00000');

-- --------------------------------------------------------

--
-- Table structure for table `users_token`
--

CREATE TABLE IF NOT EXISTS `users_token` (
  `id` int(11) NOT NULL AUTO_INCREMENT,
  `token` varchar(32) NOT NULL,
  `userid` int(11) NOT NULL,
  PRIMARY KEY (`id`)
) ENGINE=MyISAM  DEFAULT CHARSET=latin1 AUTO_INCREMENT=351 ;

--
-- Dumping data for table `users_token`
--

INSERT INTO `users_token` (`id`, `token`, `userid`) VALUES
(350, '6fd5fd01927509cc1440cebe012642d2', 1),
(182, 'a352767ff9c0ac2e0a31d74e1c2edce9', 2),
(289, 'b61ae7d2b550ee87a8bb7ad72affc374', 4),
(346, 'afdb3b180dc5f53cf38b28dc67eddc32', 3),
(338, '38c582e8fe738fb90f8e16969f34a01a', 5),
(43, 'd46c63988bfdf7bc6ee8ff1cd138597e', 8),
(171, 'b9c47314fe4f4baa756f949848e2d8dc', 6),
(52, 'bc88270e9effe29c25005d00bef11039', 9),
(70, 'fd057058ae1355487c4f07066f934771', 7),
(168, '8cb1a2cd6832c1a97f2418b959f7d952', 10),
(128, '0a685f3c581aa1931c9546fc2d0aee4e', 11),
(162, '8905b39baa026753fc998c36d5474b29', 13),
(158, '1f11b820c25d866890d0c01c0459b44a', 14),
(169, '2bc3ce242282a3757eee7dc58f705a11', 15),
(203, '37e3a7de44382418a0b3e67ab693b7c7', 16),
(204, 'f381a4c7b2237e7ed987203a53defc62', 17);

/*!40101 SET CHARACTER_SET_CLIENT=@OLD_CHARACTER_SET_CLIENT */;
/*!40101 SET CHARACTER_SET_RESULTS=@OLD_CHARACTER_SET_RESULTS */;
/*!40101 SET COLLATION_CONNECTION=@OLD_COLLATION_CONNECTION */;
